,EightCig,,,,Inventory by Part
,"3010 E Alexander Rd
Ste #1002
North Las Vegas, NV 89030
(702) 415-5263  
info@eightcig.com",,,,
,,,,,Print Date: 06/05/2020
Part Number,,Qty On Order,Available for Sale,Available to Pick,
North,,,,,
B000001,,1,0,0,
B000002,,0,1,1,
B000004,,0,1,1,
B000005,,0,3,3,
B000006,,0,2,2,
B000009,,0,1,1,
B000012,,0,3,3,
B000015,,0,0,0,
B000021,,0,12,12,
B000024,,0,0,0,
B000026,,40,0,0,
B000027,,0,0,0,
B000028,,3,0,0,
B000029,,1,0,0,
B000030,,7,0,0,
B000031,,0,0,0,
B000032,,0,0,0,
B000033,,0,0,0,
B000034,,0,0,0,
B000035,,4,3,3,
B000036,,4,0,0,
B000037,,10,0,0,
B000038,,0,0,0,
B000039,,45,0,0,
B000040,,8,0,0,
B000041,,0,0,0,
B000042,,19,0,0,
Part Number,Qty On Order,Available for Sale,Available to Pick
B000043,14,0,0
B000044,0,0,0
B000045,42,-1,0
B000046,26,0,0
B000047,3,-1,0
B000048,136,-1,0
B000049,55,-1,0
B000051,6,0,0
B000052,11,0,0
B000053,0,0,0
B000054,50,0,0
B000055,31,0,0
B000057,2,0,0
B000058,0,0,0
B000059,0,0,0
B000060,25,0,0
B000061,0,1,0
B000062,0,1,0
B000063,0,3,3
B000064,0,5,5
B000065,0,0,0
B000066,0,0,0
B000067,0,0,0
B000069,0,3,3
B000070,0,20,20
H00001,0,1,1
H00048,0,0,1
H00120,0,0,0
H00125,0,4,4
H00138,0,0,0
H00139,0,0,0
H00163,0,0,0
H00167,0,929,249
Part Number,Qty On Order,Available for Sale,Available to Pick
H00169,0,573,133
H00170,0,29,29
H00183,0,1,2
H00195,0,1,1
H00218,0,0,0
H00274,0,0,0
H00288,0,1,1
H00295,0,0,3
H00314,0,0,0
H00373,0,1,1
H00434,0,1,1
H00469,0,97,48
H00470,0,171,71
H00471,0,167,77
H00472,0,18,18
H00473,0,66,66
H00474,0,36,36
H00475,0,"3,213",629
H00483,0,0,0
H00489,0,4,4
H00490,0,0,0
H00493,100,2,2
H00494,600,0,0
H00498,0,1,2
H00499,0,0,0
H00500,0,-2,1
H00526,0,0,0
H00537,0,0,1
H00538,0,0,1
H00570,0,10,10
H00571,0,10,10
H00572,0,10,10
H00573,0,10,10
Part Number,Qty On Order,Available for Sale,Available to Pick
H00574,0,10,10
H00584,0,0,0
H00587,0,0,0
H00602,0,0,0
H00606,0,0,0
H00626,0,6,6
H00627,0,47,47
H00628,0,1,1
H00637,0,0,0
H00650,0,1,1
H00653,0,0,0
H00680,0,0,0
H00830,0,-216,1
H00869,0,0,1
H00873,0,2,2
H00881,0,0,0
H00896,0,833,833
H00899,0,177,177
H00901,0,1,1
H00903,0,658,658
H00912,0,2,2
H00918,0,10,10
H00919,0,7,7
H00938,0,0,0
H01036,0,0,0
H01047,0,0,0
H01079,0,54,54
H01089,0,0,0
H01110,0,2,2
H01118,0,10,10
H01131,0,0,0
H01164,0,0,0
H01196,0,0,0
Part Number,Qty On Order,Available for Sale,Available to Pick
H01206,0,0,0
H01245,0,9,9
H01246,0,5,5
H01283,0,29,29
H01284,0,1,1
H01287,"2,400",104,104
H01299,0,89,89
H01300,0,0,0
H01301,0,0,0
H01302,0,0,0
H01304,0,0,0
H01311,0,0,0
H01317,0,0,0
H01318,0,0,0
H01340,0,"3,768",868
H01341,0,"2,809",109
H01347,0,1,1
H01384,0,0,0
H01421,0,0,0
H01543,0,"1,658",149
H01544,0,"1,708",188
H01545,0,669,30
H01546,0,0,0
H01555,0,0,0
H01566,0,0,0
H01583,0,0,1
H01588,0,0,0
H01597,0,0,0
H01626,0,179,179
H01643,0,5,5
H01644,0,5,5
H01645,0,10,10
H01646,0,3,3
Part Number,Qty On Order,Available for Sale,Available to Pick
H01650,0,"2,146",246
H01652,0,0,0
H01655,0,0,0
H01657,0,0,0
H01664,0,0,0
H01672,0,0,0
H01674,0,2,2
H01677,0,0,0
H01684,0,3,5
H01685,0,0,0
H01702,0,0,0
H01704,0,0,0
H01709,0,-1,0
H01712,0,1,1
H01775,0,0,0
H01789,0,0,6
H01790,0,4,9
H01791,0,5,7
H01793,0,21,25
H01810,0,0,0
H01820,0,0,0
H01915,0,0,0
H01919,0,52,52
H01970,0,2,2
H01971,0,2,2
H02009,0,0,0
H02015,0,2,2
H02016,0,2,2
H02018,0,5,5
H02019,0,3,3
H02022,0,52,52
H02023,0,79,11
H02033,0,1,1
Part Number,Qty On Order,Available for Sale,Available to Pick
H02070,0,0,0
H02073,0,0,0
H02085,0,0,0
H02139,0,0,0
H02143,0,1,3
H02145,0,0,0
H02152,0,50,8
H02153,0,60,60
H02155,0,847,207
H02163,0,0,0
H02204,0,10,11
H02207,0,8,26
H02210,0,0,0
H02216,0,1,1
H02218,0,0,0
H02235,0,5,5
H02240,600,0,0
H02243,0,-1,0
H02250,0,0,0
H02257,0,5,5
H02282,0,0,1
H02313,0,0,0
H02317,0,4,4
H02321,0,1,1
H02332,0,0,2
H02340,0,0,0
H02350,0,0,7
H02356,0,0,0
H02367,0,1,1
H02373,0,14,18
H02377,0,9,9
H02379,0,0,0
H02380,0,0,0
Part Number,Qty On Order,Available for Sale,Available to Pick
H02384,0,0,1
H02396,0,10,10
H02400,0,"2,619",21
H02403,0,648,48
H02408,0,0,3
H02419,0,0,0
H02424,0,7,7
H02432,0,0,0
H02437,0,4,4
H02440,0,10,12
H02449,0,0,3
H02475,0,10,10
H02479,0,2,2
H02482,0,38,39
H02488,0,935,95
H02489,0,0,0
H02490,0,1,22
H02492,0,1,1
H02498,0,0,0
H02499,0,2,2
H02501,0,10,10
H02505,0,6,6
H02506,0,0,0
H02512,0,164,27
H02518,0,0,1
H02529,0,89,44
H02533,0,728,128
H02535,0,0,0
H02538,0,6,20
H02543,0,0,0
H02544,0,0,1
H02549,0,0,0
H02555,0,1,1
Part Number,Qty On Order,Available for Sale,Available to Pick
H02577,0,0,8
H02586,0,72,72
H02590,0,54,8
H02595,0,0,0
H02617,"2,000",0,0
H02620,0,1,2
H02621,0,1,8
H02642,0,3,5
H02644,0,0,0
H02645,0,8,8
H02656,0,3,3
H02665,0,92,92
H02669,0,0,0
H02673,0,0,0
H02687,"1,500",-2,0
H02688,0,0,0
H02689,"2,000",2,2
H02694,50,59,59
H02695,0,9,9
H02701,0,1,1
H02704,0,0,0
H02751,0,48,"1,048"
H02761,0,0,0
H02777,0,0,0
H02784,0,0,0
H02802,0,6,6
H02872,0,0,0
H02877,0,0,0
H02920,0,0,0
H02942,0,40,40
H02943,0,57,57
H02961,0,0,0
H02962,0,0,1
Part Number,Qty On Order,Available for Sale,Available to Pick
H02964,0,0,0
H02965,0,6,6
H02966,0,9,9
H02968,0,0,0
H02969,0,0,0
H02970,0,123,123
H02971,0,0,0
H02978,0,0,0
H02980,0,0,0
H02984,0,0,0
H02985,2,0,0
H02990,0,0,0
H02999,0,1,1
H03009,0,0,0
H03033,0,0,0
H03035,0,0,0
H03043,0,0,0
H03090,0,1,1
H03091,0,0,0
H03092,0,0,0
H03115,0,0,0
H03118,0,0,0
H03137,0,0,0
H03150,0,0,0
H03160,0,0,0
H03161,0,"2,798",250
H03179,0,0,0
H03233,0,0,0
H03247,0,3,3
H03276,0,0,0
H03278,0,4,4
H03284,0,0,0
H03285,0,1,2
Part Number,Qty On Order,Available for Sale,Available to Pick
H03286,0,0,3
H03287,0,2,2
H03290,0,0,0
H03292,0,0,0
H03296,0,2,2
H03313,0,107,107
H03323,0,1,1
H03331,0,6,6
H03350,0,25,25
H03388,0,1,1
H03405,0,0,0
H03408,0,0,0
H03414,0,0,0
H03429,0,0,0
H03430,0,88,87
H03433,0,2,2
H03475,0,"1,148",152
H03476,0,0,0
H03477,0,27,27
H03492,0,8,8
H03494,0,3,3
H03505,0,2,2
H03506,0,0,0
H03509,0,10,10
H03519,0,780,180
H03520,0,0,0
H03522,0,1,0
H03523,0,7,7
H03524,0,4,4
H03525,0,5,5
H03562,0,"3,992",194
H03570,0,0,0
H03612,0,535,535
Part Number,Qty On Order,Available for Sale,Available to Pick
H03613,0,7,7
H03649,0,0,0
H03666,0,0,0
H03691,0,0,0
H03692,0,0,0
H03695,0,50,50
H03696,0,1,1
H03701,0,1,1
H03714,0,0,0
H03716,0,1,1
H03719,0,1,1
H03723,0,0,0
H03725,0,0,0
H03744,0,87,87
H03777,0,196,196
H03778,0,0,0
H03791,0,1,1
H03798,0,0,0
H03800,0,0,4
H03802,0,45,49
H03803,0,451,257
H03845,0,0,0
H03849,0,10,10
H03850,0,3,3
H03851,0,70,70
H03862,0,2,2
H03867,0,0,0
H03868,0,0,0
H03901,0,0,0
H03904,0,0,1
H03905,0,1,1
H03907,0,1,1
H03909,0,0,0
Part Number,Qty On Order,Available for Sale,Available to Pick
H03910,0,1,1
H03917,0,0,0
H03932,0,0,0
H03942,0,0,0
H03943,0,0,0
H03944,0,"10,180","1,181"
H03945,0,5,5
H03952,0,0,0
H03983,0,0,0
H03984,0,0,0
H04016,0,1,1
H04045,0,0,0
H04048,0,0,0
H04051,0,0,0
H04055,0,0,1
H04058,0,0,0
H04060,0,0,2
H04065,0,1,1
H04069,0,0,0
H04078,0,2,1
H04079,0,11,12
H04080,0,5,5
H04081,0,10,10
H04087,0,600,160
H04090,0,0,1
H04098,0,0,2
H04127,0,0,0
H04129,0,0,0
H04143,0,0,0
H04146,0,1,1
H04147,0,4,4
H04174,0,0,0
H04177,0,4,4
Part Number,Qty On Order,Available for Sale,Available to Pick
H04179,0,1,1
H04188,0,0,0
H04202,0,0,0
H04213,0,0,0
H04238,0,-3,11
H04263,0,-1,7
H04269,0,10,10
H04277,0,0,0
H04301,0,0,0
H04309,0,"1,865",365
H04313,0,-1,0
H04323,0,0,0
H04325,0,7,7
H04327,0,2,2
H04329,0,6,6
H04340,0,0,0
H04341,0,0,0
H04363,0,0,0
H04366,0,0,0
H04428,0,7,7
H04429,0,0,0
H04433,0,"1,496",218
H04434,0,0,0
H04463,0,0,0
H04465,0,0,0
H04473,0,22,22
H04477,0,17,17
H04497,0,0,0
H04502,0,10,10
H04503,0,9,9
H04504,0,9,9
H04505,0,44,44
H04506,0,11,11
Part Number,Qty On Order,Available for Sale,Available to Pick
H04518,0,0,0
H04524,0,0,0
H04530,0,0,0
H04531,0,46,46
H04536,0,2,2
H04537,0,1,1
H04539,0,5,5
H04540,0,2,2
H04541,0,0,0
H04542,0,0,0
H04543,0,0,0
H04544,0,0,0
H04545,0,67,18
H04546,0,0,0
H04547,0,0,0
H04548,0,95,45
H04549,0,0,0
H04550,0,1,4
H04555,0,0,0
H04556,0,0,0
H04558,0,0,0
H04559,0,"4,636",143
H04560,0,"6,408",434
H04576,0,10,10
H04580,0,0,0
H04585,0,3,3
H04594,0,6,6
H04601,0,0,0
H04608,0,0,0
H04612,0,0,1
H04622,0,10,10
H04624,0,0,0
H04629,0,1,1
Part Number,Qty On Order,Available for Sale,Available to Pick
H04635,0,140,140
H04645,0,4,4
H04658,0,9,9
H04662,0,10,10
H04668,0,0,0
H04700,0,31,31
H04701,0,0,0
H04707,0,0,0
H04710,0,2,2
H04725,0,0,0
H04729,0,0,0
H04734,0,0,0
H04735,0,0,0
H04736,0,"1,350",30
H04738,0,0,0
H04739,0,25,25
H04761,0,0,0
H04762,0,"5,724",264
H04763,0,0,0
H04764,0,582,86
H04765,0,776,804
H04768,0,0,0
H04770,0,1,1
H04772,0,0,0
H04773,0,26,26
H04774,0,"1,193",73
H04789,0,1,1
H04803,0,300,140
H04805,0,0,0
H04813,0,372,22
H04818,0,0,0
H04820,0,4,4
H04826,0,108,8
Part Number,Qty On Order,Available for Sale,Available to Pick
H04835,0,0,0
H04845,0,1,1
H04850,0,0,0
H04866,0,372,52
H04867,0,706,26
H04873,0,0,0
H04878,0,365,125
H04883,0,2,2
H04886,0,0,0
H04889,0,0,0
H04894,0,0,0
H04895,0,0,0
H04897,0,1,1
H04903,0,4,4
H04905,0,17,17
H04913,0,0,0
H04916,0,0,0
H05254,0,0,0
H05272,0,0,0
H05278,0,0,0
H05282,0,4,4
H05285,0,85,186
H05289,0,0,0
H05295,0,0,1
H05296,0,0,0
H05301,0,0,0
H05327,0,0,0
H05328,0,0,3
H05332,0,0,0
H05350,0,0,0
H05352,0,0,0
H05359,0,0,0
H05360,0,0,0
Part Number,Qty On Order,Available for Sale,Available to Pick
H05363,0,"3,651",101
H05429,0,0,100
H05430,0,199,197
H05444,0,0,29
H05446,0,0,3
H05451,0,0,0
H05461,0,0,0
H05462,0,185,185
H05466,0,0,0
H05488,0,-1,1
H05489,0,0,0
H05490,0,1,1
H05492,0,1,1
H05493,0,0,0
H05495,0,937,137
H05496,0,0,2
H05497,0,0,8
H05498,0,537,142
H05499,400,0,0
H05507,0,0,0
H05509,0,0,0
H05519,0,0,0
H05550,0,0,0
H05554,0,1,1
H05558,0,322,144
H05563,0,0,0
H05564,0,689,689
H05569,0,0,0
H05574,0,2,2
H05577,0,0,0
H05581,0,0,0
H05621,0,924,924
H05622,0,3,3
Part Number,Qty On Order,Available for Sale,Available to Pick
H05627,0,155,155
H05665,0,0,0
H05688,0,2,2
H05690,0,0,0
H05691,0,0,0
H05693,0,0,0
H05701,0,0,0
H05702,0,0,0
H05703,0,0,0
H05704,0,0,0
H05705,0,0,0
H05706,0,0,0
H05709,0,0,0
H05710,0,0,0
H05717,0,0,0
H05737,0,0,0
H05739,0,4,4
H05744,0,0,0
H05746,0,0,0
H05750,0,0,0
H05752,0,0,0
H05754,0,0,0
H05755,0,133,83
H05781,10,1,1
H05795,0,0,1
H05802,0,0,0
H05804,0,0,0
H05815,0,6,6
H05816,0,2,1
H05820,0,0,0
H05850,0,0,0
H05859,0,0,0
H05871,0,0,0
Part Number,Qty On Order,Available for Sale,Available to Pick
H05891,0,0,0
H05894,0,0,0
H05926,0,"7,377",405
H05932,0,6,6
H05935,0,3,3
H05936,0,0,0
H05938,0,0,0
H05942,0,0,1
H05946,0,10,10
H05947,0,4,4
H05981,0,0,0
H05988,0,0,0
H05989,0,0,0
H05991,0,0,0
H05992,0,0,0
H05994,0,0,0
H05996,0,22,14
H06001,0,27,29
H06002,0,128,128
H06003,0,-1,0
H06012,0,0,0
H06019,0,0,0
H06020,0,1,1
H06028,0,0,0
H06030,0,-1,1
H06031,0,0,0
H06032,30,9,9
H06035,0,0,0
H06038,0,0,0
H06044,0,1,0
H06050,0,0,0
H06052,0,1,0
H06055,0,1,0
Part Number,Qty On Order,Available for Sale,Available to Pick
H06076,0,0,0
H06078,0,0,0
H06084,0,0,0
H06090,0,0,0
H06092,0,0,0
H06105,0,0,0
H06106,0,-1,0
H06107,0,0,0
H06112,0,0,0
H06119,0,0,0
H06120,0,0,0
H06124,0,0,0
H06127,0,0,0
H06133,0,198,198
H06134,0,197,0
H06135,0,262,62
H06137,0,0,0
H06140,0,0,0
H06141,0,177,177
H06146,0,0,1
H06147,0,0,0
H06148,0,0,0
H06155,0,751,251
H06160,0,135,135
H06161,0,0,0
H06162,0,20,20
H06163,0,200,200
H06164,0,792,792
H06165,0,10,10
H06169,0,0,0
H06170,0,0,0
H06171,0,0,0
H06172,0,662,662
Part Number,Qty On Order,Available for Sale,Available to Pick
H06178,0,0,0
H06189,0,-1,0
H06190,0,0,0
H06195,0,0,0
H06196,0,0,0
H06199,0,0,0
H06203,0,0,0
H06217,0,0,0
H06224,0,0,0
H06225,0,148,148
H06238,0,1,1
H06239,0,0,0
H06246,0,0,0
H06249,0,444,454
H06252,0,0,0
H06253,0,-1,0
H06255,0,0,0
H06258,0,0,0
H06259,0,0,0
H06266,0,0,0
H06290,0,0,0
H06296,0,3,3
H06298,0,0,1
H06299,0,0,0
H06302,0,0,0
H06315,0,18,19
H06326,0,41,45
H06328,0,8,8
H06331,0,0,0
H06332,0,1,1
H06333,0,0,0
H06335,0,0,0
H06338,0,0,0
Part Number,Qty On Order,Available for Sale,Available to Pick
H06341,0,1,1
H06346,0,1,1
H06348,0,0,0
H06349,0,0,0
H06353,0,0,0
H06356,0,0,0
H06359,0,0,0
H06368,0,0,0
H06374,0,0,0
H06383,0,0,0
H06393,0,0,2
H06421,0,0,0
H06424,0,0,0
H06429,0,1,1
H06462,0,1,1
H06463,0,0,0
H06485,0,0,0
H06487,0,0,0
H06489,0,0,0
H06490,0,645,46
H06491,0,645,46
H06493,0,456,6
H06494,0,0,0
H06500,0,9,9
H06501,0,195,195
H06502,0,116,116
H06520,0,0,0
H06522,0,0,0
H06523,0,0,0
H06525,0,0,0
H06533,0,10,10
H06542,0,0,0
H06555,0,0,0
Part Number,Qty On Order,Available for Sale,Available to Pick
H06556,0,2,2
H06557,0,0,0
H06573,0,5,5
H06577,0,0,0
H06586,0,1,2
H06587,0,140,132
H06588,0,90,97
H06589,0,54,62
H06590,0,1,8
H06591,0,129,87
H06592,0,4,11
H06593,0,8,1
H06596,0,0,0
H06600,0,0,0
H06605,0,0,0
H06628,0,0,0
H06633,0,0,0
H06636,0,0,0
H06637,0,0,0
H06639,0,154,154
H06640,0,234,134
H06641,0,192,192
H06642,0,13,13
H06643,0,37,37
H06644,0,162,162
H06645,0,49,49
H06646,0,26,26
H06647,0,0,4
H06654,0,0,0
H06655,0,22,22
H06656,0,8,10
H06657,0,5,5
H06658,0,27,28
Part Number,Qty On Order,Available for Sale,Available to Pick
H06659,0,25,26
H06660,0,26,28
H06661,0,25,25
H06662,0,25,25
H06684,0,1,1
H06699,0,0,0
H06703,0,0,0
H06705,0,0,0
H06712,0,0,0
H06723,0,1,1
H06730,0,2,2
H06731,0,0,0
H06732,0,2,2
H06733,0,0,0
H06736,0,2,2
H06744,0,0,0
H06774,0,6,6
H06779,0,0,0
H06780,0,0,0
H06781,0,0,0
H06786,0,0,0
H06792,0,0,0
H06793,0,2,2
H06798,0,7,7
H06804,0,0,0
H06805,0,0,0
H06816,0,524,524
H06825,0,0,0
H06826,0,0,0
H06829,0,0,0
H06830,0,0,0
H06836,0,12,12
H06839,0,32,31
Part Number,Qty On Order,Available for Sale,Available to Pick
H06840,0,19,19
H06841,0,52,52
H06842,0,54,54
H06843,0,75,26
H06844,0,74,24
H06870,0,0,0
H06871,0,0,0
H06873,0,13,13
H06874,0,66,16
H06875,0,0,0
H06877,0,"2,849",102
H06892,0,1,1
H06898,0,0,0
H06901,0,216,216
H06909,0,70,70
H06912,0,1,1
H06930,0,0,0
H06931,0,-2,1
H06933,0,0,0
H06957,0,0,0
H06966,0,1,1
H06977,0,0,0
H06988,0,8,14
H06989,0,4,10
H06990,0,0,0
H06994,0,0,0
H07015,0,0,0
H07016,0,-6,3
H07019,0,3,3
H07022,0,1,1
H07023,0,-1,0
H07025,0,8,8
H07033,0,0,0
Part Number,Qty On Order,Available for Sale,Available to Pick
H07037,0,0,0
H07038,0,0,0
H07041,0,"2,005",211
H07044,0,0,0
H07061,0,4,4
H07067,0,10,10
H07070,7,0,0
H07074,0,"3,423",44
H07090,0,0,0
H07092,0,0,0
H07093,0,0,1
H07094,0,1,1
H07097,0,0,0
H07111,0,0,0
H07117,0,0,1
H07119,0,0,0
H07130,0,0,0
H07131,0,0,0
H07132,0,0,0
H07134,0,0,0
H07136,0,0,0
H07137,0,16,16
H07151,0,-1,1
H07152,0,2,2
H07153,0,0,1
H07154,0,0,0
H07155,0,0,0
H07157,0,0,0
H07158,0,0,0
H07173,0,11,11
H07174,0,0,0
H07179,0,-3,0
H07182,0,0,0
Part Number,Qty On Order,Available for Sale,Available to Pick
H07183,0,0,1
H07184,0,-1,0
H07185,0,"1,041",151
H07193,0,-1,0
H07199,0,0,0
H07200,0,1,1
H07209,0,0,0
H07210,0,1,1
H07211,0,0,1
H07217,0,0,0
H07218,0,0,0
H07219,10,86,86
H07220,0,94,94
H07221,3,45,45
H07222,0,99,99
H07223,10,38,38
H07224,0,48,48
H07225,0,270,270
H07226,0,410,417
H07227,0,27,27
H07230,0,1,1
H07240,0,0,0
H07241,0,0,0
H07242,0,0,0
H07245,0,7,7
H07250,0,11,11
H07254,0,0,0
H07267,50,0,0
H07268,0,25,26
H07269,0,77,78
H07270,0,81,82
H07271,0,3,4
H07272,0,"1,242",87
Part Number,Qty On Order,Available for Sale,Available to Pick
H07273,0,0,0
H07276,0,0,13
H07293,0,0,0
H07296,0,0,0
H07306,0,1,1
H07310,0,4,4
H07311,0,2,2
H07321,0,170,78
H07354,0,3,4
H07355,0,0,1
H07356,0,197,97
H07357,0,0,0
H07358,0,288,88
H07359,0,188,89
H07360,0,199,1
H07361,0,198,0
H07362,0,-2,28
H07363,0,"11,455",366
H07364,0,5,5
H07365,0,-1,0
H07382,0,0,0
H07401,0,0,0
H07402,0,0,0
H07404,0,0,0
H07413,0,3,3
H07425,0,0,0
H07426,0,0,0
H07428,0,2,2
H07430,0,0,0
H07431,0,0,0
H07432,0,0,0
H07433,0,0,0
H07442,0,4,4
Part Number,Qty On Order,Available for Sale,Available to Pick
H07455,0,0,0
H07459,0,0,0
H07467,0,1,1
H07469,0,15,15
H07471,0,0,0
H07476,0,0,0
H07487,0,192,192
H07490,0,585,149
H07491,0,184,84
H07498,0,0,0
H07504,0,1,1
H07514,0,11,11
H07515,0,114,114
H07516,0,"3,842",55
H07517,0,"1,761",170
H07518,0,0,0
H07520,0,0,0
H07523,0,0,0
H07528,0,0,0
H07540,0,16,16
H07549,0,0,0
H07552,0,19,19
H07553,0,12,12
H07566,0,279,32
H07567,0,287,62
H07568,0,393,73
H07569,0,192,67
H07570,0,2,26
H07571,0,0,25
H07572,0,0,0
H07573,0,2,2
H07576,0,1,1
H07578,0,1,1
Part Number,Qty On Order,Available for Sale,Available to Pick
H07579,0,0,0
H07592,0,0,0
H07609,0,25,25
H07618,0,455,458
H07619,0,928,446
H07620,0,484,487
H07621,0,0,0
H07622,0,"1,438",473
H07623,0,0,0
H07628,0,0,0
H07629,0,0,0
H07635,0,0,0
H07640,0,0,0
H07641,0,112,112
H07642,0,57,57
H07643,0,97,97
H07644,0,10,10
H07655,0,0,0
H07658,0,53,53
H07659,0,68,68
H07660,0,70,70
H07661,0,76,76
H07662,0,37,37
H07663,0,74,74
H07670,0,0,40
H07671,0,0,2
H07672,0,10,10
H07676,0,1,1
H07677,0,3,3
H07678,0,19,19
H07679,0,0,0
H07683,200,6,8
H07684,100,31,32
Part Number,Qty On Order,Available for Sale,Available to Pick
H07685,100,1,2
H07686,100,0,0
H07687,100,0,0
H07688,100,0,0
H07689,0,0,0
H07690,0,-1,0
H07691,0,330,44
H07692,0,994,196
H07693,0,342,156
H07694,0,496,198
H07695,0,66,66
H07696,0,22,22
H07697,0,28,28
H07700,0,12,12
H07701,0,166,166
H07702,0,0,0
H07704,0,1,0
H07711,0,1,1
H07713,0,0,1
H07739,0,278,28
H07740,0,229,29
H07741,0,183,35
H07742,0,221,21
H07743,0,255,55
H07744,0,237,37
H07745,0,227,27
H07746,0,239,39
H07747,0,291,41
H07748,0,284,34
H07749,0,87,37
H07750,0,93,43
H07751,0,87,37
H07752,0,90,40
Part Number,Qty On Order,Available for Sale,Available to Pick
H07753,0,96,46
H07754,0,91,41
H07755,0,85,35
H07756,0,82,32
H07757,0,96,46
H07758,0,96,46
H07769,0,1,1
H07774,0,0,0
H07784,0,0,0
H07787,0,0,0
H07789,20,19,19
H07790,0,0,0
H07794,0,-2,2
H07795,0,0,0
H07796,0,0,0
H07797,0,0,0
H07799,0,78,78
H07800,0,67,69
H07801,0,249,49
H07805,0,934,455
H07806,0,922,442
H07807,0,955,488
H07812,0,0,0
H07820,0,6,6
H07829,0,18,18
H07830,0,0,0
H07832,0,2,2
H07840,0,1,1
H07842,0,0,0
H07843,0,0,0
H07844,0,0,1
H07845,0,0,0
H07849,0,0,0
Part Number,Qty On Order,Available for Sale,Available to Pick
H07854,0,117,117
H07857,0,1,1
H07876,0,35,35
H07883,0,0,0
H07884,0,383,85
H07885,0,2,2
H07891,0,0,0
H07900,0,517,519
H07901,0,780,275
H07902,0,"1,450",213
H07903,0,524,527
H07904,0,0,0
H07905,0,0,0
H07908,0,440,40
H07909,0,0,0
H07911,0,0,0
H07912,0,0,0
H07915,0,0,0
H07917,"4,000",3,3
H07924,0,0,1
H07926,0,0,0
H07941,0,29,31
H07943,0,21,21
H07944,0,32,32
H07945,0,37,39
H07946,0,411,216
H07947,0,625,105
H07950,0,192,93
H07955,0,205,105
H07956,0,186,89
H07957,200,0,0
H07958,0,183,187
H07959,0,0,0
Part Number,Qty On Order,Available for Sale,Available to Pick
H07960,0,0,0
H07963,0,0,3
H07968,0,335,335
H07969,0,0,0
H07970,0,0,0
H07971,0,0,2
H07973,0,0,0
H07974,0,0,0
H07975,0,217,217
H07976,0,0,0
H07978,0,7,7
H07980,0,94,69
H07981,0,7,7
H07982,0,7,7
H07983,0,3,3
H07984,0,6,6
H07985,0,30,32
H07986,0,5,5
H07987,0,173,173
H07988,0,0,0
H07989,0,0,0
H07991,0,0,0
H07992,0,783,296
H07994,0,455,453
H07995,0,"1,491",251
H07997,0,0,0
H08003,0,0,0
H08006,0,-15,0
H08007,0,4,4
H08008,0,71,71
H08011,0,8,8
H08012,0,6,6
H08013,0,7,7
Part Number,Qty On Order,Available for Sale,Available to Pick
H08014,0,5,5
H08015,0,6,6
H08018,0,"1,209",208
H08028,0,0,0
H08029,0,0,0
H08033,0,1,1
H08036,0,8,8
H08037,0,25,25
H08040,0,123,125
H08041,0,-4,0
H08042,0,0,0
H08043,0,0,0
H08044,0,0,0
H08047,0,255,255
H08050,0,440,52
H08051,0,720,33
H08052,0,403,15
H08053,0,425,37
H08054,0,-336,4
H08061,0,0,0
H08074,0,0,1
H08077,0,1,1
H08079,0,0,0
H08092,0,0,0
H08093,0,0,0
H08095,0,58,59
H08096,50,0,0
H08098,0,2,2
H08099,0,1,1
H08100,0,0,0
H08106,0,0,0
H08107,0,0,0
H08108,0,0,0
Part Number,Qty On Order,Available for Sale,Available to Pick
H08109,0,0,0
H08110,0,0,0
H08112,0,0,0
H08113,0,0,0
H08114,0,0,0
H08115,0,0,0
H08116,0,0,0
H08117,0,0,0
H08126,0,990,0
H08127,0,589,90
H08128,0,0,0
H08132,0,0,0
H08133,0,0,0
H08147,0,0,0
H08148,0,0,0
H08152,0,31,31
H08153,0,0,0
H08154,0,1,1
H08183,0,4,4
H08187,0,42,42
H08188,0,48,48
H08194,0,"1,466",68
H08195,0,0,0
H08196,0,3,3
H08197,0,0,0
H08199,0,2,2
H08202,0,0,0
H08205,0,0,0
H08212,0,0,0
H08214,0,0,0
H08215,0,0,0
H08243,0,0,0
H08244,0,0,0
Part Number,Qty On Order,Available for Sale,Available to Pick
H08249,0,0,0
H08258,0,0,0
H08262,0,0,0
H08277,0,0,0
H08300,0,0,0
H08302,0,0,0
H08303,0,0,0
H08304,0,287,37
H08305,0,291,41
H08306,0,271,21
H08307,0,282,32
H08308,0,286,36
H08309,0,302,52
H08310,0,282,32
H08311,0,2,2
H08316,0,4,4
H08317,0,0,0
H08318,0,0,0
H08319,0,0,0
H08320,0,0,0
H08321,0,0,0
H08322,0,0,0
H08323,0,949,449
H08324,0,"1,457",457
H08325,0,962,463
H08328,0,47,49
H08329,0,0,0
H08330,0,5,5
H08331,0,54,56
H08333,0,2,2
H08340,0,0,0
H08341,200,41,42
H08342,0,267,67
Part Number,Qty On Order,Available for Sale,Available to Pick
H08343,100,5,5
H08345,0,197,97
H08356,0,0,0
H08360,0,1,1
H08361,0,770,371
H08362,0,"1,289",290
H08364,0,1,1
H08365,0,1,1
H08366,0,43,43
H08376,0,0,0
H08380,0,41,41
H08381,0,"1,158",363
H08382,0,"1,117",67
H08383,0,"2,965",170
H08384,0,48,48
H08385,0,-2,0
H08386,0,"2,334",337
H08387,0,"3,129",329
H08388,0,0,0
H08389,0,"2,059",59
H08390,0,"1,953",353
H08393,0,0,0
H08395,0,159,21
H08396,0,133,64
H08397,0,1,1
H08398,8,81,11
H08399,0,69,69
H08400,0,187,47
H08401,0,135,65
H08402,0,178,9
H08403,0,275,65
H08404,0,129,60
H08405,0,129,59
Part Number,Qty On Order,Available for Sale,Available to Pick
H08406,0,130,60
H08407,0,270,60
H08408,0,270,60
H08410,0,220,21
H08411,0,135,36
H08412,0,352,52
H08413,0,270,21
H08414,0,307,37
H08415,0,282,33
H08418,0,"1,895",105
H08419,0,381,82
H08420,0,17,18
H08422,0,185,87
H08423,0,400,101
H08424,0,199,99
H08425,0,195,97
H08427,0,0,0
H08428,0,189,89
H08429,0,173,174
H08430,0,371,73
H08431,0,192,92
H08433,0,126,27
H08434,0,162,64
H08435,0,372,79
H08437,0,166,73
H08438,0,191,101
H08439,0,196,96
H08441,0,"2,283",89
H08442,0,"1,190",470
H08444,0,102,102
H08455,0,434,445
H08457,0,173,173
H08458,0,107,107
Part Number,Qty On Order,Available for Sale,Available to Pick
H08459,0,505,505
H08461,0,372,322
H08462,0,5,5
H08463,0,539,339
H08465,0,64,74
H08467,0,24,24
H08468,0,5,6
H08469,0,344,344
H08471,0,322,163
H08475,0,706,106
H08494,0,2,2
H08495,0,0,0
H08496,0,1,1
H08533,0,155,155
H08543,0,0,1
H08544,0,962,462
H08546,0,477,477
H08547,0,964,464
H08548,0,"1,441",441
H08549,0,"1,779",279
H08551,0,"1,928",428
H08552,0,"1,438",438
H08553,0,"1,436",436
H08554,0,"5,778",528
H08556,0,"1,167",167
H08557,0,207,207
H08558,0,596,96
H08559,0,925,625
H08560,0,"1,641",141
H08562,0,"1,306",306
H08563,0,971,471
H08564,0,192,93
H08565,0,386,88
Part Number,Qty On Order,Available for Sale,Available to Pick
H08566,200,191,93
H08567,0,188,90
H08568,200,181,88
H08569,0,194,94
H08570,0,427,28
H08571,0,385,86
H08572,0,188,91
H08573,0,"5,346",36
H08574,0,"7,634",217
H08583,0,34,38
H08586,0,0,0
H08591,0,378,37
H08592,0,191,62
H08593,0,0,1
H08594,0,185,62
H08595,0,190,65
H08596,0,193,59
H08597,0,25,25
H08598,0,40,40
H08599,0,34,34
H08600,0,36,36
H08601,0,40,40
H08602,0,29,29
H08603,0,48,48
H08604,0,80,40
H08605,0,80,40
H08606,0,92,52
H08609,0,296,297
H08610,0,102,3
H08611,0,229,29
H08612,0,184,35
H08613,0,223,23
H08614,0,220,20
Part Number,Qty On Order,Available for Sale,Available to Pick
H08615,0,165,16
H08616,0,176,27
H08617,0,"1,561",361
H08619,0,136,56
H08623,0,0,0
H08628,0,99,99
H08630,0,255,255
H08632,0,976,476
H08633,0,22,22
H08634,0,46,46
H08635,0,35,35
H08639,0,0,1
H08678,0,313,316
H08679,0,219,220
H08680,0,191,196
H08681,0,0,0
H08683,0,236,236
H08684,0,306,306
H08688,0,86,87
H08692,0,1,1
H08693,0,0,0
H08694,0,631,32
H08695,0,814,94
H08700,0,69,71
H08701,0,34,36
H08702,0,129,51
H08703,0,30,32
H08704,0,87,90
H08705,0,833,134
H08708,0,0,1
H08711,0,199,50
H08712,0,47,47
H08713,0,154,154
Part Number,Qty On Order,Available for Sale,Available to Pick
H08714,0,32,32
H08715,0,64,64
H08716,0,46,46
H08717,0,69,69
H08719,0,308,58
H08720,0,250,50
H08721,0,340,40
H08722,0,381,81
H08723,0,310,60
H08724,0,307,57
H08725,0,302,54
H08730,0,20,20
H08731,0,20,20
H08732,0,20,20
H08733,0,20,20
H08734,0,20,20
H08736,0,"2,075",275
H08738,0,0,0
H08739,0,-1,0
H08740,0,50,50
H08741,0,50,50
H08742,0,50,50
H08743,0,50,50
H08744,0,50,50
H08745,0,50,50
H08746,0,50,50
H08747,0,320,120
H08748,0,99,100
H08749,0,99,99
H08750,0,100,25
H08751,0,189,39
H08752,0,255,83
H08753,0,150,50
Part Number,Qty On Order,Available for Sale,Available to Pick
H08754,0,257,82
H08755,0,212,13
H08756,0,2,2
H08757,0,72,72
H08759,0,0,0
H08764,0,300,210
H08765,0,300,210
H08766,0,300,210
H08767,0,300,90
H08768,0,200,200
H08769,0,200,200
H08770,0,200,200
H08771,0,100,100
H08772,0,100,50
H08773,0,100,100
H08774,0,100,50
H08775,0,100,100
H08776,0,800,400
H08777,0,800,400
H08778,0,48,49
H08779,0,66,66
H08780,0,94,94
H08781,0,86,86
H08782,0,70,70
H08783,0,89,89
H08784,0,67,67
H08785,0,90,90
H08809,0,100,100
H08810,0,50,50
H08811,0,100,50
H08812,0,50,50
H08813,0,419,419
H08814,0,449,449
Part Number,Qty On Order,Available for Sale,Available to Pick
H08815,0,427,428
H08816,0,438,438
H08817,0,484,484
H08818,0,419,419
H08819,0,391,392
H08820,0,"2,000",500
H08821,0,"2,000",500
H08822,0,"2,000",500
H08823,0,"2,000",500
H08824,0,"2,000",500
H08825,0,"1,000",500
H08826,0,"1,000",500
H08828,0,"4,000",500
H08829,0,518,348
H08830,0,535,235
H08831,0,124,72
H08832,0,135,85
H08833,0,32,83
H08834,0,347,47
H08835,200,133,85
H08836,0,133,84
H08837,0,230,82
H08839,0,593,94
H08850,0,-1,0
H08852,0,"1,145",146
H08853,0,687,197
H08854,0,277,277
H08855,0,784,294
H08856,0,"6,000",0
H08857,0,41,41
H08862,0,"2,436",36
H08863,0,"1,173",373
H08864,0,"1,491",291
Part Number,Qty On Order,Available for Sale,Available to Pick
H08865,0,"1,597",397
H08866,0,"2,015",14
H08882,0,705,105
H08883,0,959,459
H08884,0,617,117
H08885,0,274,274
H08886,0,602,602
H08887,0,318,78
H08889,0,904,405
H08890,0,342,342
H08891,0,433,434
H08896,0,248,48
H08897,0,273,23
H08898,0,188,38
H08899,0,165,65
H08900,10,99,99
H08902,0,838,193
H08903,0,"3,471",471
H08904,0,"1,986",6
H08905,0,"3,526",26
H08906,0,409,409
H08907,0,612,132
H08908,0,386,386
H08909,0,"1,072",92
H08910,0,502,22
H08913,0,390,392
H08914,0,326,326
H08915,0,428,428
H08916,0,461,465
H08917,0,407,407
H08918,0,409,409
H08919,0,437,437
H08920,0,431,431
Part Number,Qty On Order,Available for Sale,Available to Pick
H08921,0,316,316
H08922,0,400,400
H08927,0,365,365
H08928,0,354,354
H08930,0,197,197
H08931,0,230,230
H08932,0,233,233
H08933,0,288,288
H08934,0,322,322
H08935,0,287,287
H08936,0,246,246
H08937,0,314,314
H08938,0,384,384
H08940,0,20,20
H08941,0,128,128
H08946,0,17,17
H08947,0,42,42
H08948,0,48,48
H08968,0,148,148
H08969,0,292,292
H08970,0,309,309
H08971,0,310,310
H08972,0,353,353
H08973,0,403,403
H08974,0,301,301
H08975,0,344,344
H08976,0,443,443
H08977,0,346,346
H08978,0,297,297
H08979,0,356,356
H08980,0,294,294
H08981,0,260,260
H08982,0,334,334
Part Number,Qty On Order,Available for Sale,Available to Pick
H08983,0,271,271
H08984,0,171,171
H08985,0,264,264
H08986,0,304,304
H08987,0,172,172
H08988,0,229,229
H08989,0,323,323
H08990,0,233,233
H08991,0,280,280
H08992,0,244,244
H08993,0,322,322
H08994,0,322,322
H08995,0,378,378
H08996,0,231,231
H08997,0,274,274
H09009,0,460,461
H09010,0,386,387
H09011,0,360,360
H09033,100,-1,0
H09034,0,183,184
H09035,0,587,87
H09036,0,587,87
H09037,0,597,97
H09039,0,113,113
H09052,0,1,1
H09053,0,1,1
H09054,0,0,0
H09068,0,775,485
H09069,250,395,395
H09070,0,675,675
H09071,0,74,74
H09072,0,230,230
H09073,0,708,518
Part Number,Qty On Order,Available for Sale,Available to Pick
H09074,0,212,212
H09075,10,161,162
H09076,0,736,496
H09077,0,215,215
H09078,0,220,220
H09079,0,76,76
H09080,0,221,221
H09081,0,221,221
H09082,0,216,216
H09097,200,92,95
H09098,100,197,97
H09099,100,193,96
H09100,200,97,97
H09101,200,85,88
H09106,0,"4,969",19
H09107,0,0,0
H09108,0,0,0
H09110,0,0,0
H09140,50,361,361
H09141,0,496,496
H09170,50,450,450
H09171,0,250,250
H09172,0,250,250
H09173,0,500,500
H09203,0,295,195
H09231,0,148,148
J00002,0,226,76
J00003,0,98,98
J00004,0,24,24
J00005,0,450,150
J00006,0,182,182
J00007,0,21,22
J00008,0,517,121
Part Number,Qty On Order,Available for Sale,Available to Pick
J00009,0,251,153
J00010,0,140,93
J00011,0,"1,433",36
J00012,0,748,52
J00013,0,115,115
J00014,0,315,66
J00027,0,4,4
J00028,0,91,91
J00029,0,27,27
J00030,0,4,4
J00031,0,61,64
J00033,0,0,0
J00034,0,-1,0
J00040,0,4,4
J00041,0,2,2
J00043,0,5,5
J00044,0,1,1
J00049,0,215,115
J00050,0,1,101
J00055,0,13,14
J00056,0,39,39
J00057,0,43,43
J00058,0,493,44
J00059,0,312,62
J00060,0,1,1
J00062,0,0,0
J00063,0,1,0
J00064,0,0,0
J00078,0,3,3
J00088,0,0,0
J00089,0,0,0
J00093,0,10,10
J00094,0,411,90
Part Number,Qty On Order,Available for Sale,Available to Pick
J00095,0,239,160
J00096,0,13,13
J00097,0,679,78
J00098,0,217,96
J00099,0,6,6
J00100,0,142,143
J00101,92,20,40
J00102,0,10,10
J00103,0,278,36
J00104,0,129,14
J00105,0,10,10
J00106,0,197,76
J00107,0,102,102
J00108,0,10,10
J00109,0,85,85
J00110,0,105,105
J00111,0,4,4
J00112,0,216,27
J00113,0,137,21
J00114,0,10,10
J00115,138,30,30
J00116,0,96,96
J00117,0,233,117
J00118,0,165,20
J00140,0,2,2
J00141,0,59,61
J00142,0,9,9
J00143,0,8,8
J00144,0,11,11
J00145,0,5,5
J00151,0,2,2
J00153,0,10,10
J00154,0,1,1
Part Number,Qty On Order,Available for Sale,Available to Pick
J00155,0,4,4
J00156,0,10,10
J00158,0,7,7
J00161,0,10,10
J00162,0,34,34
J00163,0,27,27
J00164,0,5,5
J00165,0,10,10
J00167,0,5,5
J00168,0,70,72
J00169,0,17,20
J00170,0,10,10
J00171,0,7,7
J00172,0,41,41
J00173,0,14,14
J00174,0,2,2
J00175,0,0,0
J00176,0,3,3
J00177,0,10,10
J00178,0,2,2
J00180,0,4,4
J00181,0,7,7
J00190,0,0,0
J00194,0,10,10
J00196,0,49,49
J00197,0,10,10
J00198,0,0,0
J00199,0,41,42
J00201,0,33,33
J00202,0,44,44
J00203,0,50,50
J00204,0,223,74
J00209,0,0,0
Part Number,Qty On Order,Available for Sale,Available to Pick
J00211,0,115,16
J00212,0,"1,299",99
J00213,0,304,6
J00214,0,87,88
J00215,0,536,36
J00216,0,87,87
J00217,0,78,78
J00218,0,529,29
J00219,0,347,47
J00220,0,88,88
J00221,0,370,71
J00222,0,192,93
J00223,0,67,67
J00224,0,787,89
J00225,0,458,58
J00226,0,78,78
J00227,0,588,88
J00228,0,197,99
J00229,0,59,59
J00230,0,"1,273",73
J00231,0,409,9
J00232,0,10,10
J00233,0,10,210
J00234,0,12,112
J00254,0,5,5
J00255,0,4,4
J00256,0,0,0
J00268,0,5,5
J00269,0,9,9
J00271,0,7,7
J00274,0,0,0
J00275,0,5,5
J00276,0,1,1
Part Number,Qty On Order,Available for Sale,Available to Pick
J00278,0,0,0
J00280,0,0,2
J00281,0,6,6
J00284,0,0,2
J00287,0,235,43
J00288,0,72,73
J00289,0,4,4
J00290,0,32,32
J00291,0,9,9
J00295,0,10,10
J00296,0,17,17
J00297,0,10,10
J00300,0,29,29
J00302,0,25,25
J00303,0,12,13
J00308,0,26,26
J00310,0,5,5
J00311,0,4,4
J00313,0,9,9
J00314,0,10,10
J00334,0,4,4
J00346,0,7,7
J00347,0,43,44
J00348,0,6,7
J00349,0,22,22
J00350,0,95,95
J00351,0,79,81
J00352,0,31,31
J00353,0,235,35
J00354,0,21,21
J00355,0,32,32
J00356,0,187,88
J00357,0,28,28
Part Number,Qty On Order,Available for Sale,Available to Pick
J00359,0,33,33
J00360,0,11,11
J00363,0,4,4
J00366,0,6,6
J00367,0,29,29
J00368,0,396,0
J00369,0,247,49
J00370,0,28,28
J00371,0,888,40
J00372,0,422,31
J00373,0,29,29
J00374,0,498,37
J00375,0,141,12
J00376,0,0,0
J00377,0,263,65
J00378,0,75,9
J00395,0,0,0
J00400,0,85,95
J00401,0,"1,314",76
J00402,0,788,91
J00403,0,69,89
J00404,0,897,80
J00405,0,550,70
J00406,0,194,156
J00409,0,3,5
J00411,0,112,21
J00412,0,1,1
J00414,0,49,49
J00417,0,5,7
J00418,0,0,4
J00420,0,182,82
J00421,0,69,69
J00422,0,119,89
Part Number,Qty On Order,Available for Sale,Available to Pick
J00423,0,"1,226",47
J00424,0,657,7
J00425,0,14,14
J00426,0,127,27
J00427,0,53,53
J00428,0,36,37
J00429,0,260,60
J00430,0,580,80
J00431,0,10,10
J00432,0,70,71
J00433,3,55,55
J00437,0,12,16
J00438,0,-1,0
J00439,0,1,1
J00448,0,14,14
J00451,0,52,64
J00452,0,13,17
J00454,0,147,10
J00455,0,0,5
J00482,0,8,8
J00483,0,53,53
J00484,0,36,36
J00485,0,0,100
J00486,0,27,30
J00487,0,5,5
J00488,0,48,48
J00489,0,59,59
J00507,0,0,0
J00512,0,0,0
J00520,0,1,1
J00521,0,1,1
J00522,0,0,0
J00554,0,6,6
Part Number,Qty On Order,Available for Sale,Available to Pick
J00556,0,12,12
J00557,0,10,10
J00558,0,10,10
J00559,0,67,67
J00560,0,10,10
J00561,0,13,13
J00562,0,66,116
J00563,0,0,46
J00564,0,50,50
J00565,0,315,216
J00566,0,10,210
J00589,0,20,20
J00590,0,106,46
J00591,4,48,48
J00592,0,45,45
J00593,0,570,28
J00594,0,162,20
J00604,0,2,2
J00605,0,107,45
J00606,0,107,43
J00607,0,4,4
J00609,0,42,42
J00610,0,13,13
J00611,0,0,0
J00614,0,26,26
J00615,0,0,1
J00616,0,3,3
J00617,0,1,0
J00618,0,64,66
J00620,0,44,44
J00621,0,35,35
J00623,0,0,0
J00625,0,14,14
Part Number,Qty On Order,Available for Sale,Available to Pick
J00626,0,34,35
J00627,0,0,0
J00628,0,5,5
J00629,0,37,37
J00631,0,2,2
J00632,0,1,1
J00633,0,0,0
J00634,0,4,4
J00635,0,4,4
J00636,0,1,4
J00640,0,0,0
J00645,0,-1,0
J00646,0,0,0
J00647,0,0,0
J00648,0,"1,007",57
J00649,0,7,7
J00650,0,280,80
J00651,0,190,90
J00652,0,218,118
J00653,0,292,93
J00654,0,193,93
J00655,0,10,10
J00656,0,447,151
J00657,0,273,73
J00691,0,0,0
J00695,0,19,19
J00696,0,-8,0
J00698,0,10,10
J00699,0,2,2
J00701,0,0,0
J00702,0,4,4
J00704,0,0,1
J00708,0,0,0
Part Number,Qty On Order,Available for Sale,Available to Pick
J00718,0,188,103
J00719,0,"2,259",57
J00720,0,"1,010",77
J00721,0,6,6
J00722,0,144,94
J00723,0,38,38
J00726,0,147,62
J00727,0,"1,591",150
J00728,0,654,66
J00729,0,18,18
J00730,0,212,87
J00732,0,443,104
J00733,0,110,60
J00734,0,11,11
J00735,0,545,35
J00736,0,211,41
J00740,0,65,65
J00741,0,478,140
J00742,0,182,97
J00748,0,0,0
J00749,0,0,0
J00751,0,0,0
J00753,0,493,83
J00754,0,1,1
J00756,0,430,430
J00758,0,553,203
J00759,0,"1,048","1,048"
J00760,0,585,585
J00761,0,505,507
J00764,0,5,5
J00765,0,6,6
J00766,0,0,0
J00767,0,0,0
Part Number,Qty On Order,Available for Sale,Available to Pick
J00769,0,0,0
J00770,0,1,1
J00771,0,1,1
J00773,0,3,3
J00777,0,25,26
J00778,0,439,90
J00779,0,228,83
J00799,0,1,1
J00800,0,0,0
J00802,0,1,0
J00803,0,0,0
J00807,0,5,6
J00808,0,109,63
J00809,0,50,57
J00819,0,8,8
J00820,0,0,0
J00823,0,10,10
J00824,0,50,50
J00825,0,2,2
J00826,0,20,28
J00827,0,64,66
J00828,0,21,41
J00829,0,5,5
J00830,0,19,19
J00831,0,6,6
J00832,0,31,31
J00833,0,52,56
J00834,0,60,60
J00835,0,47,47
J00836,0,10,10
J00837,0,33,33
J00838,0,37,37
J00839,0,11,13
Part Number,Qty On Order,Available for Sale,Available to Pick
J00840,0,90,0
J00841,0,129,0
J00842,0,14,14
J00843,0,10,16
J00844,0,31,6
J00845,0,30,30
J00846,0,52,4
J00847,0,85,0
J00848,0,1,1
J00849,0,6,6
J00850,0,2,1
J00851,0,1,1
J00852,0,100,100
J00853,0,16,16
J00857,0,8,8
J00860,0,9,9
J00863,0,9,9
J00864,0,10,10
J00865,0,4,4
J00866,0,10,10
J00867,0,1,1
J00868,0,14,14
J00869,0,5,5
J00870,0,0,0
J00884,0,6,6
J00885,0,34,42
J00886,0,0,9
J00888,0,7,7
J00891,0,0,0
J00892,0,-1,1
J00893,0,0,0
J00894,0,0,5
J00895,0,1,1
Part Number,Qty On Order,Available for Sale,Available to Pick
J00898,0,0,0
J00899,0,0,0
J00900,0,0,0
J00901,0,9,9
J00902,0,9,9
J00903,0,9,9
J00904,0,5,5
J00905,0,124,127
J00906,0,2,4
J00925,0,4,4
J00926,0,0,0
J00927,0,3,3
J00928,0,6,6
J00929,0,5,5
J00930,0,5,5
J00931,0,5,5
J00932,0,5,5
J00933,0,6,6
J00934,0,10,10
J00936,0,10,10
J00937,0,4,4
J00951,0,7,7
J00956,0,15,15
J00957,0,227,79
J00958,0,96,96
J00960,0,162,62
J00961,0,34,34
J00962,0,19,20
J00963,0,188,88
J00964,0,97,97
J00965,0,62,62
J00966,0,564,64
J00967,0,273,73
Part Number,Qty On Order,Available for Sale,Available to Pick
J00969,0,28,33
J00970,0,2,2
J00971,0,89,89
J00972,0,0,0
J00973,0,4,4
J00974,0,9,9
J00975,0,162,62
J00976,0,109,60
J00977,0,7,7
J00978,0,0,2
J00980,0,25,25
J00993,0,5,5
J00998,0,4,4
J01003,0,0,0
J01006,0,0,0
J01007,0,1,1
J01008,0,88,88
J01009,0,715,15
J01010,0,385,36
J01011,0,10,10
J01012,0,185,185
J01013,0,40,40
J01014,0,14,15
J01015,0,186,139
J01016,0,100,100
J01018,0,48,48
J01019,0,48,48
J01035,0,10,10
J01036,0,132,132
J01037,0,31,31
J01038,0,10,10
J01039,0,10,10
J01040,0,54,57
Part Number,Qty On Order,Available for Sale,Available to Pick
J01042,0,195,195
J01043,0,21,21
J01048,0,126,126
J01049,0,39,39
J01075,0,0,0
J01080,0,11,11
J01089,0,51,51
J01092,0,25,25
J01098,0,25,25
J01101,0,19,19
J01109,0,10,10
J01111,0,7,7
J01112,0,10,10
J01113,0,10,10
J01114,0,39,39
J01116,0,23,23
J01117,0,11,11
J01118,0,36,36
J01119,0,11,11
J01120,0,6,6
J01123,0,5,5
J01124,0,45,45
J01125,0,5,5
J01128,0,2,2
J01130,0,10,10
J01131,0,10,10
J01132,0,0,0
J01133,0,3,3
J01134,0,0,0
J01152,0,1,1
J01155,0,1,1
J01164,0,0,0
J01166,0,3,3
Part Number,Qty On Order,Available for Sale,Available to Pick
J01167,0,-1,0
J01168,0,0,0
J01172,0,8,8
J01173,0,0,0
J01193,0,7,7
J01194,0,10,10
J01200,0,1,1
J01202,0,10,10
J01204,0,10,10
J01205,0,10,10
J01206,0,21,21
J01208,0,29,31
J01209,0,2,4
J01212,0,182,82
J01213,0,53,53
J01214,0,1,1
J01216,0,115,15
J01217,0,49,50
J01220,0,10,10
J01221,0,-1,31
J01223,0,316,116
J01225,0,4,4
J01226,0,54,54
J01230,0,1,1
J01237,0,78,78
J01241,0,-3,12
J01242,0,6,6
J01244,0,-1,5
J01246,0,1,1
J01250,0,-6,44
J01251,0,71,71
J01254,0,41,43
J01255,0,9,9
Part Number,Qty On Order,Available for Sale,Available to Pick
J01257,0,169,169
J01259,0,4,4
J01264,0,27,27
J01266,0,2,2
J01267,0,39,39
J01279,0,24,24
J01282,0,0,43
J01284,0,977,77
J01285,0,0,3
J01288,0,4,8
J01291,0,364,66
J01294,0,9,9
J01296,0,0,0
J01302,0,79,129
J01303,0,182,282
J01304,0,26,26
J01307,0,0,0
J01308,0,103,2
J01315,0,33,33
J01321,0,0,0
J01323,0,0,0
J01326,0,0,0
J01328,0,5,5
J01329,0,121,154
J01331,0,92,48
J01332,0,4,4
J01334,0,223,124
J01337,0,728,130
J01339,0,0,22
J01343,0,0,47
J01345,0,10,11
J01349,0,10,11
J01353,0,4,16
Part Number,Qty On Order,Available for Sale,Available to Pick
J01354,0,451,302
J01357,0,16,32
J01358,0,66,66
J01359,0,386,87
J01360,0,3,3
J01361,0,51,51
J01365,0,9,9
J01370,0,10,10
J01371,0,-2,0
J01376,0,100,150
J01377,0,10,10
J01378,0,47,47
J01379,0,"1,737",40
J01382,0,0,28
J01383,0,32,70
J01384,0,36,52
J01390,0,346,146
J01391,0,0,4
J01401,0,0,0
J01402,0,1,1
J01409,0,0,0
J01421,0,1,1
J01422,0,103,131
J01423,0,-23,39
J01425,0,350,34
J01426,0,397,77
J01431,0,56,56
J01432,0,15,15
J01439,0,51,1
J01440,0,45,0
J01445,0,150,10
J01446,0,93,23
J01456,0,0,0
Part Number,Qty On Order,Available for Sale,Available to Pick
J01457,0,0,0
J01463,0,0,0
J01468,0,20,21
J01469,0,26,26
J01471,0,4,4
J01472,0,6,6
J01475,0,4,4
J01477,0,4,4
J01478,0,7,7
J01479,0,13,13
J01480,0,782,83
J01481,0,420,120
J01482,0,3,3
J01483,0,58,58
J01484,0,17,18
J01485,0,9,9
J01486,0,3,3
J01487,0,4,4
J01489,0,159,159
J01490,0,68,68
J01499,0,0,0
J01516,0,0,0
J01528,0,1,0
J01529,0,7,7
J01531,0,93,93
J01532,0,44,44
J01536,0,0,0
J01537,0,197,48
J01538,0,15,17
J01539,0,0,0
J01541,0,6,6
J01543,0,0,1
J01547,0,0,0
Part Number,Qty On Order,Available for Sale,Available to Pick
J01548,0,1,1
J01549,0,6,6
J01550,0,4,4
J01552,0,2,2
J01554,0,174,90
J01556,85,51,51
J01578,0,0,0
J01644,0,0,0
J01652,0,55,55
J01653,0,356,6
J01654,0,203,158
J01696,0,10,10
J01697,0,10,10
J01698,0,9,9
J01699,0,8,8
J01700,0,7,7
J01701,0,7,7
J01702,0,0,0
J01703,0,1,1
J01704,0,0,0
J01706,0,3,3
J01707,0,4,4
J01708,0,10,10
J01709,0,2,2
J01712,0,10,10
J01713,0,2,2
J01714,0,0,0
J01725,0,55,55
J01726,0,46,46
J01727,0,50,53
J01728,0,43,43
J01729,0,50,52
J01730,12,2,4
Part Number,Qty On Order,Available for Sale,Available to Pick
J01731,0,70,72
J01732,0,62,62
J01733,0,51,51
J01735,0,5,5
J01736,0,50,52
J01746,0,64,65
J01748,0,2,3
J01750,0,9,9
J01752,0,5,5
J01753,0,4,4
J01754,0,8,8
J01755,0,35,34
J01756,1,74,74
J01758,0,0,1
J01759,0,7,7
J01760,0,5,5
J01762,0,0,0
J01763,0,10,10
J01769,150,2,2
J01770,"1,398",0,0
J01772,100,0,1
J01773,897,0,0
J01774,399,1,1
J01775,25,0,0
J01776,896,0,0
J01777,297,3,3
J01778,0,6,6
J01779,0,28,28
J01780,0,28,28
J01786,0,5,5
J01788,0,3,3
J01797,0,147,147
J01798,0,106,106
Part Number,Qty On Order,Available for Sale,Available to Pick
J01799,0,27,27
J01800,0,117,117
J01801,0,71,71
J01803,0,79,79
J01804,0,48,48
J01822,0,0,0
J01829,0,23,23
J01830,0,20,20
J01831,0,46,46
J01833,0,0,1
J01858,0,0,0
J01860,0,3,3
J01861,0,10,10
J01862,0,8,9
J01869,0,53,53
J01870,0,209,9
J01871,0,46,47
J01872,0,2,2
J01880,0,0,0
J01881,0,12,12
J01882,0,699,114
J01883,0,353,92
J01884,0,28,28
J01885,0,727,1
J01886,0,252,53
J01899,0,0,0
J01903,0,0,0
J01917,0,14,14
J01918,0,11,11
J01919,0,46,46
J01920,0,1,1
J01921,0,176,64
J01922,0,87,88
Part Number,Qty On Order,Available for Sale,Available to Pick
J01923,0,33,33
J01924,0,113,8
J01925,0,147,18
J01926,0,10,10
J01927,0,116,26
J01928,0,50,50
J01929,0,6,6
J01930,0,113,29
J01931,0,96,34
J01932,0,5,5
J01933,0,118,22
J01934,0,46,46
J01935,0,9,9
J01936,0,191,19
J01937,0,114,28
J01938,0,233,146
J01943,0,4,4
J01945,0,10,10
J01946,0,870,370
J01947,0,0,0
J01951,0,10,10
J01953,0,5,5
J01956,0,2,2
J01957,0,36,36
J01958,0,14,14
J01973,0,9,9
J01974,0,10,10
J01975,0,10,10
J01984,0,0,0
J01994,0,0,0
J02004,0,0,0
J02008,0,0,0
J02010,0,0,0
Part Number,Qty On Order,Available for Sale,Available to Pick
J02012,0,45,47
J02013,0,48,50
J02014,0,0,0
J02015,0,45,45
J02016,0,97,97
J02017,0,47,47
J02018,0,144,144
J02019,0,0,0
J02020,0,225,228
J02021,0,279,222
J02022,25,0,41
J02023,0,211,12
J02025,25,0,1
J02026,0,320,25
J02027,15,0,0
J02028,10,-2,12
J02029,0,121,78
J02030,150,0,1
J02031,0,152,152
J02032,0,5,5
J02033,0,116,35
J02034,0,43,43
J02035,0,10,10
J02036,0,416,56
J02037,0,253,16
J02038,0,7,7
J02039,0,208,130
J02040,0,160,10
J02051,0,1,1
J02052,0,4,4
J02061,0,10,10
J02062,0,1,2
J02064,0,4,4
Part Number,Qty On Order,Available for Sale,Available to Pick
J02066,0,0,0
J02070,0,4,4
J02071,0,0,0
J02073,0,0,0
J02074,0,0,0
J02075,0,0,0
J02081,0,0,0
J02087,0,2,2
J02088,0,1,1
J02095,0,4,4
J02107,0,3,3
J02113,0,10,10
J02114,0,9,9
J02115,0,10,10
J02119,0,26,26
J02120,0,309,59
J02121,0,136,86
J02122,0,14,14
J02123,0,85,85
J02124,0,93,43
J02127,0,4,4
J02131,0,2,2
J02136,0,2,2
J02137,0,2,2
J02138,0,2,2
J02139,50,7,7
J02140,25,8,8
J02142,0,8,8
J02143,0,5,5
J02150,0,0,0
J02154,0,5,5
J02157,0,4,4
J02172,0,8,8
Part Number,Qty On Order,Available for Sale,Available to Pick
J02173,16,39,40
J02176,50,10,10
J02181,11,7,7
J02186,0,9,9
J02190,0,2,2
J02191,0,72,73
J02194,0,13,14
J02198,0,8,8
J02201,10,0,0
J02202,0,4,4
J02208,0,6,6
J02209,0,3,3
J02210,0,6,6
J02217,0,4,4
J02218,0,0,0
J02219,0,0,0
J02220,0,68,68
J02221,0,39,39
J02222,0,127,28
J02223,0,57,57
J02224,0,58,58
J02226,0,33,33
J02227,0,41,41
J02228,0,63,64
J02229,0,58,58
J02230,0,6,6
J02231,0,4,4
J02232,0,46,47
J02233,0,3,4
J02234,0,35,36
J02235,0,30,30
J02236,0,39,39
J02237,0,28,28
Part Number,Qty On Order,Available for Sale,Available to Pick
J02238,0,65,65
J02239,0,0,0
J02252,0,380,279
J02253,0,385,187
J02254,0,38,38
J02255,0,97,101
J02258,0,88,88
J02259,0,95,95
J02260,0,126,77
J02266,0,3,3
J02273,0,6,6
J02280,0,0,0
J02281,0,0,0
J02282,0,26,26
J02283,0,176,29
J02284,0,114,113
J02285,0,0,0
J02288,0,8,8
J02295,0,15,15
J02296,0,16,16
J02297,0,3,3
J02299,0,289,90
J02300,0,2,2
J02301,0,9,9
J02302,0,84,88
J02303,0,31,31
J02313,0,18,18
J02314,0,7,7
J02315,0,10,10
J02316,0,10,10
J02318,0,0,0
J02322,0,0,0
J02325,0,5,5
Part Number,Qty On Order,Available for Sale,Available to Pick
J02326,0,282,182
J02327,0,77,77
J02328,0,4,4
J02329,0,116,116
J02331,0,15,15
J02332,0,306,6
J02333,0,179,79
J02347,0,28,28
J02348,0,18,18
J02359,0,6,10
J02360,0,8,280
J02361,0,32,136
J02376,0,10,10
J02385,0,6,6
J02388,0,1,4
J02389,0,4,4
J02390,0,9,9
J02391,0,15,15
J02392,0,3,3
J02394,0,80,30
J02395,0,9,9
J02397,0,42,42
J02398,0,1,1
J02400,0,183,83
J02401,0,77,77
J02402,0,1,1
J02403,0,89,89
J02404,0,7,7
J02406,0,17,17
J02407,0,33,33
J02411,0,2,2
J02412,0,9,9
J02413,0,2,2
Part Number,Qty On Order,Available for Sale,Available to Pick
J02414,0,5,5
J02415,0,5,5
J02416,0,3,3
J02417,0,2,2
J02418,0,0,0
J02419,0,-3,0
J02420,0,0,0
J02421,0,0,4
J02422,0,0,0
J02423,0,0,0
J02425,0,-2,0
J02426,0,5,5
J02435,0,7,7
J02437,0,0,0
J02438,0,3,3
J02451,0,24,24
J02452,0,314,65
J02453,0,137,137
J02489,0,12,12
J02490,0,202,14
J02495,0,10,10
J02496,0,1,1
J02498,0,5,5
J02499,0,3,3
J02505,0,26,26
J02506,0,16,16
J02507,0,6,6
J02523,0,0,0
J02524,0,4,4
J02525,0,5,5
J02526,0,10,10
J02529,0,37,37
J02530,0,16,16
Part Number,Qty On Order,Available for Sale,Available to Pick
J02531,0,2,2
J02532,0,45,46
J02533,0,7,7
J02535,0,18,18
J02536,0,10,10
J02538,50,0,0
J02539,0,10,10
J02541,0,22,22
J02542,0,7,7
J02543,0,1,1
J02544,0,0,0
J02546,0,0,0
J02550,0,0,0
J02551,0,4,4
J02552,0,154,55
J02553,0,"1,168",69
J02554,0,122,23
J02555,0,26,26
J02556,0,"1,341",147
J02557,0,310,111
J02579,0,0,0
J02580,0,3,3
J02581,0,13,13
J02583,0,10,10
J02584,0,10,10
J02586,0,9,9
J02587,0,5,5
J02590,0,6,6
J02592,0,6,6
J02593,0,10,10
J02606,0,7,7
J02607,0,114,114
J02608,0,104,4
Part Number,Qty On Order,Available for Sale,Available to Pick
J02609,0,42,42
J02610,0,383,33
J02611,0,164,14
J02612,0,9,10
J02613,0,461,61
J02614,0,275,25
J02615,0,0,0
J02616,0,857,13
J02617,0,211,14
J02622,0,4,4
J02623,0,36,36
J02626,0,24,24
J02628,0,0,0
J02629,0,145,46
J02630,0,135,35
J02642,0,2,2
J02645,0,2,2
J02647,0,12,12
J02648,0,434,34
J02649,0,190,90
J02650,0,32,32
J02651,0,275,75
J02652,0,261,161
J02654,0,10,10
J02655,0,2,2
J02658,0,3,3
J02660,0,8,8
J02662,0,9,9
J02663,0,0,0
J02665,0,4,4
J02666,0,4,4
J02668,0,6,6
J02680,0,150,102
Part Number,Qty On Order,Available for Sale,Available to Pick
J02681,0,111,111
J02682,0,286,92
J02683,0,31,32
J02684,0,245,146
J02689,0,26,26
J02690,0,534,84
J02691,0,289,89
J02692,0,23,25
J02693,0,485,89
J02694,0,289,89
J02695,0,216,16
J02699,0,-3,0
J02726,0,10,10
J02727,0,20,20
J02728,0,5,5
J02735,0,55,58
J02736,0,30,34
J02737,0,0,0
J02747,0,6,6
J02750,0,3,3
J02759,0,94,5
J02760,0,75,31
J02766,0,5,5
J02767,0,1,1
J02768,0,8,8
J02796,0,0,0
J02824,0,7,7
J02825,0,6,6
J02831,0,10,10
J02832,0,125,0
J02833,0,1,1
J02834,0,10,10
J02835,0,25,0
Part Number,Qty On Order,Available for Sale,Available to Pick
J02836,0,30,30
J02837,0,4,4
J02838,0,250,0
J02839,0,79,4
J02840,0,17,17
J02841,0,50,0
J02842,0,24,0
J02843,0,8,8
J02844,0,100,0
J02846,0,10,10
J02847,0,73,73
J02848,0,84,84
J02849,10,8,8
J02850,75,10,10
J02852,0,16,6
J02853,50,7,7
J02855,0,17,7
J02856,0,88,88
J02857,0,8,8
J02859,0,29,29
J02860,0,1,1
J02861,0,1,1
J02863,0,1,1
J02865,0,2,2
J02867,0,1,1
J02872,0,0,0
J02910,0,0,0
J02938,0,5,5
J02939,0,8,8
J02940,0,1,1
J02941,0,2,2
J02942,0,1,2
J02944,0,5,5
Part Number,Qty On Order,Available for Sale,Available to Pick
J02945,0,2,2
J02946,0,5,5
J02947,0,9,9
J02948,0,68,36
J02949,0,478,16
J02950,0,0,0
J02952,0,8,8
J02954,0,8,8
J02955,0,0,0
J02956,0,0,0
J02957,0,5,5
J02959,0,9,9
J02960,0,8,8
J02961,0,6,6
J03002,0,0,0
J03019,0,7,7
J03021,0,8,8
J03033,0,1,1
J03040,0,176,176
J03041,0,91,91
J03043,0,0,0
J03044,0,0,0
J03045,0,5,5
J03047,0,10,10
J03049,0,3,5
J03084,0,7,7
J03085,0,1,1
J03087,0,6,6
J03088,0,7,7
J03089,0,5,5
J03090,0,7,7
J03091,0,10,10
J03113,0,8,8
Part Number,Qty On Order,Available for Sale,Available to Pick
J03114,0,15,15
J03115,0,1,1
J03117,0,137,137
J03118,0,56,56
J03119,0,9,9
J03120,0,131,131
J03121,0,28,28
J03122,0,2,2
J03123,0,1,1
J03124,0,1,1
J03125,0,10,10
J03126,0,1,1
J03127,0,4,4
J03134,0,3,3
J03146,0,0,0
J03168,0,59,59
J03169,0,"1,598",5
J03170,0,576,76
J03173,0,0,0
J03178,0,2,2
J03180,0,0,0
J03184,0,0,0
J03187,0,0,0
J03199,0,0,0
J03205,0,41,41
J03206,0,23,23
J03208,0,5,5
J03209,0,1,1
J03210,0,7,7
J03211,0,6,6
J03212,0,32,32
J03213,0,13,13
J03214,0,4,4
Part Number,Qty On Order,Available for Sale,Available to Pick
J03215,0,47,47
J03216,0,9,9
J03221,0,1,1
J03223,0,5,5
J03226,0,14,14
J03231,0,1,1
J03232,0,3,3
J03233,0,7,7
J03234,0,5,5
J03235,0,10,10
J03236,0,10,10
J03237,0,10,10
J03243,0,20,22
J03244,0,4,6
J03245,0,19,21
J03246,0,11,13
J03247,0,2,2
J03248,0,3,5
J03253,0,664,664
J03255,0,49,49
J03256,0,126,126
J03258,0,8,8
J03261,0,23,23
J03264,0,192,47
J03265,0,10,14
J03267,0,223,75
J03268,0,29,33
J03270,0,226,29
J03271,0,48,50
J03272,0,10,11
J03273,0,218,24
J03274,0,72,72
J03275,0,4,4
Part Number,Qty On Order,Available for Sale,Available to Pick
J03277,0,1,1
J03278,0,7,7
J03279,0,6,6
J03280,1,1,1
J03281,0,5,5
J03284,0,0,0
J03285,0,10,10
J03287,0,40,40
J03288,0,39,39
J03295,0,1,1
J03297,0,0,0
J03298,0,0,0
J03299,0,0,0
J03304,0,0,0
J03305,0,0,0
J03307,0,0,0
J03313,0,2,2
J03340,0,0,0
J03342,0,0,0
J03347,0,142,53
J03348,0,91,91
J03361,0,262,262
J03371,0,0,0
J03373,0,1,1
J03374,0,0,0
J03375,0,0,0
J03377,0,5,5
J03378,0,0,2
J03387,0,0,0
J03388,0,1,1
J03402,0,0,0
J03409,0,3,3
J03410,0,18,18
Part Number,Qty On Order,Available for Sale,Available to Pick
J03416,0,5,5
J03417,0,18,19
J03418,0,5,5
J03419,0,2,2
J03420,0,1,1
J03421,0,89,92
J03422,0,43,44
J03423,0,119,119
J03424,0,76,76
J03425,0,300,101
J03426,0,209,209
J03427,0,71,71
J03428,0,136,136
J03429,0,-2,1
J03430,0,4,4
J03432,0,180,180
J03433,0,78,78
J03434,0,159,159
J03435,0,76,77
J03436,0,262,162
J03437,0,268,170
J03438,0,154,154
J03439,0,147,150
J03440,0,249,149
J03441,0,167,167
J03442,0,228,128
J03443,0,343,146
J03444,0,195,195
J03445,0,90,92
J03446,0,182,182
J03447,0,248,148
J03451,0,84,86
J03452,13,39,39
Part Number,Qty On Order,Available for Sale,Available to Pick
J03453,13,81,82
J03454,80,125,126
J03455,0,29,30
J03456,0,58,58
J03457,0,92,92
J03458,0,107,108
J03459,0,48,48
J03460,50,90,90
J03462,0,487,137
J03463,125,81,81
J03464,0,6,6
J03465,0,196,98
J03466,0,67,20
J03467,0,1,1
J03468,0,302,202
J03469,0,212,112
J03470,0,16,16
J03471,0,136,136
J03472,0,299,199
J03473,0,33,33
J03474,0,335,36
J03475,0,212,112
J03479,0,0,0
J03481,0,-1,0
J03482,0,0,0
J03483,0,6,6
J03486,0,15,15
J03487,0,0,0
J03488,0,0,0
J03494,0,134,134
J03495,0,85,86
J03496,0,3,3
J03498,0,0,0
Part Number,Qty On Order,Available for Sale,Available to Pick
J03500,0,0,0
J03501,0,10,10
J03502,0,4,4
J03503,0,10,10
J03504,0,9,9
J03511,0,0,0
J03525,0,0,1
J03526,0,1,1
J03527,0,1,1
J03528,0,1,2
J03529,0,0,1
J03530,0,1,1
J03533,0,0,0
J03537,0,0,0
J03544,0,2,2
J03561,0,0,0
J03571,150,7,31
J03572,0,128,75
J03573,98,7,7
J03584,0,99,101
J03585,0,41,47
J03586,0,19,19
J03587,0,80,50
J03588,0,81,36
J03589,0,10,10
J03590,0,72,72
J03591,0,92,92
J03592,0,27,27
J03593,0,10,10
J03594,0,5,5
J03595,0,43,43
J03596,0,21,21
J03597,0,10,10
Part Number,Qty On Order,Available for Sale,Available to Pick
J03598,0,17,17
J03599,0,52,52
J03600,0,29,29
J03601,0,10,10
J03602,0,2,2
J03603,0,4,4
J03604,0,9,9
J03606,0,4,4
J03607,0,0,0
J03613,0,169,171
J03614,0,168,188
J03615,0,279,280
J03616,0,268,288
J03617,0,34,34
J03618,0,30,30
J03619,0,14,14
J03620,0,16,16
J03623,0,51,51
J03624,0,762,3
J03625,0,294,124
J03631,0,0,0
J03634,0,93,93
J03635,0,34,34
J03637,0,46,46
J03638,0,17,17
J03640,0,37,37
J03643,0,143,43
J03644,0,65,65
J03651,0,175,75
J03652,0,46,46
J03658,0,2,2
J03660,0,4,4
J03661,0,0,0
Part Number,Qty On Order,Available for Sale,Available to Pick
J03666,0,5,5
J03667,0,3,3
J03668,0,2,2
J03670,0,174,134
J03671,0,138,98
J03673,0,10,10
J03674,0,30,30
J03675,0,67,68
J03676,0,13,15
J03677,0,20,22
J03678,0,11,13
J03679,0,1,1
J03680,0,51,51
J03681,0,25,25
J03683,0,76,76
J03690,0,0,0
J03692,0,0,0
J03695,0,0,0
J03711,0,9,9
J03718,0,288,191
J03719,0,375,180
J03720,0,85,85
J03721,0,214,217
J03728,0,3,3
J03729,0,66,66
J03730,0,10,10
J03732,0,45,45
J03735,0,46,46
J03736,0,23,23
J03738,0,88,88
J03739,0,44,44
J03744,0,0,1
J03746,0,6,6
Part Number,Qty On Order,Available for Sale,Available to Pick
J03747,0,1,1
J03749,0,4,4
J03750,0,5,5
J03751,0,10,10
J03753,0,25,26
J03755,0,9,9
J03756,0,9,9
J03757,0,9,9
J03759,0,10,10
J03760,0,6,6
J03765,0,0,0
J03767,0,10,10
J03768,0,2,2
J03769,0,10,10
J03771,0,1,1
J03772,0,6,7
J03773,0,9,9
J03790,0,32,33
J03791,0,-2,0
J03795,0,408,111
J03796,0,226,28
J03797,0,3,3
J03798,0,289,39
J03799,0,53,55
J03804,0,2,2
J03805,0,9,17
J03806,0,0,6
J03808,0,0,14
J03809,0,2,2
J03814,0,1,1
J03823,0,55,56
J03824,0,23,23
J03827,0,97,98
Part Number,Qty On Order,Available for Sale,Available to Pick
J03828,0,97,97
J03829,0,1,1
J03832,0,3,3
J03833,0,177,77
J03835,0,0,0
J03837,0,24,0
J03838,0,7,7
J03839,0,9,9
J03840,0,7,10
J03844,0,193,193
J03845,0,194,94
J03847,0,0,0
J03848,0,0,0
J03854,0,8,10
J03855,0,54,54
J03856,0,72,73
J03869,0,4,4
J03870,0,3,3
J03871,0,0,0
J03873,0,68,68
J03874,0,10,10
J03875,0,24,24
J03876,0,25,25
J03877,0,56,56
J03878,0,34,34
J03879,0,96,96
J03880,0,95,97
J03882,0,1,1
J03892,0,0,0
J03894,0,45,48
J03895,0,41,44
J03896,0,0,0
J03897,0,10,12
Part Number,Qty On Order,Available for Sale,Available to Pick
J03908,0,10,10
J03909,0,11,11
J03910,0,0,0
J03912,0,10,10
J03913,0,139,139
J03914,0,7,7
J03915,0,5,5
J03916,0,0,0
J03917,0,0,0
J03919,0,0,0
J03921,0,0,0
J03924,0,2,2
J03982,0,10,10
J03983,0,23,23
J03993,0,173,8
J03995,0,10,10
J04005,0,92,47
J04006,0,45,1
J04007,0,0,0
J04008,0,0,0
J04010,0,8,8
J04013,0,2,2
J04016,0,4,4
J04017,0,4,4
J04018,0,"1,944",944
J04020,0,186,186
J04021,0,93,93
J04022,0,4,4
J04023,0,312,112
J04024,0,195,195
J04025,0,140,140
J04026,0,120,120
J04027,0,178,177
Part Number,Qty On Order,Available for Sale,Available to Pick
J04028,0,166,167
J04036,0,10,10
J04037,0,34,34
J04038,0,8,8
J04039,0,30,30
J04040,0,98,100
J04041,0,58,59
J04042,0,89,89
J04043,0,337,39
J04044,0,86,89
J04045,0,1,1
J04046,0,0,0
J04047,0,0,0
J04069,0,0,0
J04073,0,0,0
J04074,0,8,8
J04076,0,10,10
J04077,0,7,7
J04078,0,10,10
J04081,0,9,9
J04082,0,1,1
J04083,0,138,39
J04084,0,65,66
J04085,0,10,11
J04086,0,5,5
J04096,0,15,15
J04097,0,80,80
J04098,150,0,0
J04099,0,92,92
J04100,0,44,44
J04101,0,122,22
J04105,0,5,5
J04106,0,71,70
Part Number,Qty On Order,Available for Sale,Available to Pick
J04107,0,134,35
J04108,0,29,29
J04110,0,1,1
J04111,0,10,10
J04112,0,7,7
J04113,0,0,0
J04114,0,18,19
J04115,0,7,7
J04120,0,127,128
J04121,0,4,4
J04122,0,0,0
J04125,0,7,7
J04126,0,0,0
J04127,0,160,164
J04128,0,21,21
J04129,0,98,100
J04136,0,22,22
J04137,0,-1,0
J04139,0,38,38
J04140,0,28,30
J04141,0,0,2
J04142,0,1,2
J04143,0,76,77
J04144,0,43,43
J04145,0,10,10
J04146,0,5,5
J04151,0,9,9
J04152,0,8,8
J04153,0,8,8
J04154,0,20,22
J04155,0,22,24
J04157,0,3,3
J04158,0,1,1
Part Number,Qty On Order,Available for Sale,Available to Pick
J04159,0,9,9
J04162,0,5,5
J04170,0,0,0
J04176,0,6,6
J04199,0,41,41
J04200,0,6,9
J04206,0,25,25
J04207,0,23,23
J04208,0,9,9
J04209,0,44,46
J04210,0,9,12
J04211,0,5,5
J04212,0,37,37
J04213,0,6,6
J04214,0,4,4
J04215,0,8,8
J04216,0,2,2
J04217,0,6,6
J04218,0,28,30
J04219,0,19,19
J04227,0,1,1
J04247,0,4,4
J04248,0,18,18
J04249,0,14,14
J04250,0,5,5
J04251,0,37,37
J04252,0,19,19
J04253,0,10,10
J04254,0,19,19
J04255,0,0,1
J04257,0,0,0
J04258,0,6,6
J04259,0,0,0
Part Number,Qty On Order,Available for Sale,Available to Pick
J04260,0,6,6
J04261,0,0,0
J04262,0,0,0
J04263,0,11,11
J04266,0,78,78
J04267,0,7,7
J04269,0,66,66
J04270,0,68,68
J04275,0,0,0
J04282,0,5,5
J04285,0,3,3
J04286,0,29,29
J04287,0,6,6
J04288,0,6,6
J04290,0,2,2
J04292,0,3,3
J04293,0,4,4
J04295,0,0,0
J04314,0,0,0
J04321,0,1,1
J04323,0,9,9
J04324,0,7,7
J04325,0,25,25
J04326,0,10,10
J04329,0,15,15
J04334,0,60,60
J04335,0,111,111
J04336,0,51,51
J04337,0,82,82
J04338,0,1,1
J04339,0,53,53
J04340,0,3,3
J04341,0,5,14
Part Number,Qty On Order,Available for Sale,Available to Pick
J04342,0,15,16
J04343,0,27,28
J04344,0,10,10
J04345,0,22,23
J04346,0,10,10
J04348,0,1,2
J04349,0,7,7
J04350,0,8,8
J04351,0,3,3
J04352,0,6,6
J04353,0,1,1
J04354,0,5,5
J04355,0,10,10
J04360,0,21,21
J04364,0,8,8
J04366,0,22,22
J04367,0,13,13
J04369,0,2,2
J04370,0,9,9
J04375,0,1,1
J04376,0,3,3
J04378,0,6,6
J04379,0,10,10
J04412,0,0,0
J04415,0,10,10
J04416,0,4,4
J04417,0,10,10
J04418,0,9,9
J04420,0,18,18
J04421,0,3,3
J04423,0,3,3
J04425,0,20,20
J04428,0,10,10
Part Number,Qty On Order,Available for Sale,Available to Pick
J04436,0,778,59
J04438,0,68,68
J04439,0,0,0
J04445,0,0,0
J04447,0,25,25
J04448,0,32,7
J04449,0,2,2
J04450,0,37,37
J04451,0,0,0
J04453,0,1,1
J04456,0,3,3
J04457,0,5,5
J04458,0,5,5
J04463,0,6,6
J04465,0,7,7
J04466,0,6,6
J04467,0,4,4
J04468,0,2,2
J04469,0,6,6
J04474,0,4,4
J04482,0,0,0
J04483,0,0,0
J04484,0,0,0
J04486,0,4,4
J04487,0,1,1
J04488,0,48,48
J04489,0,0,0
J04490,0,7,7
J04491,0,32,32
J04492,0,5,5
J04494,0,65,65
J04495,0,10,11
J04497,0,82,18
Part Number,Qty On Order,Available for Sale,Available to Pick
J04500,0,18,19
J04501,0,9,9
J04502,0,0,0
J04517,0,0,0
J04524,0,1,1
J04525,0,6,6
J04528,0,1,2
J04531,0,5,5
J04532,0,0,0
J04534,0,0,0
J04536,0,1,1
J04537,0,0,0
J04538,0,0,0
J04539,0,119,119
J04540,0,68,69
J04541,0,81,81
J04542,0,89,89
J04543,0,89,40
J04544,0,17,17
J04560,0,0,0
J04561,0,1,1
J04562,0,1,1
J04563,0,5,5
J04564,0,2,2
J04565,0,10,12
J04566,0,3,3
J04569,0,18,24
J04594,0,101,16
J04595,0,29,30
J04596,0,5,5
J04597,0,10,11
J04604,0,0,0
J04610,0,0,0
Part Number,Qty On Order,Available for Sale,Available to Pick
J04614,0,8,8
J04616,0,0,0
J04625,0,0,0
J04634,0,0,0
J04641,0,4,4
J04644,0,12,12
J04645,0,2,2
J04646,0,44,44
J04647,0,39,39
J04649,0,7,7
J04650,0,7,7
J04652,0,7,9
J04655,0,0,3
J04662,0,21,0
J04663,0,6,6
J04664,0,2,2
J04669,0,1,1
J04670,0,1,3
J04673,0,-1,0
J04674,0,2,7
J04679,0,3,3
J04685,0,22,23
J04686,0,24,24
J04687,0,9,9
J04688,0,24,25
J04689,0,27,27
J04690,0,12,12
J04691,0,29,30
J04692,0,73,78
J04693,0,81,84
J04694,0,19,22
J04710,0,0,0
J04714,0,0,0
Part Number,Qty On Order,Available for Sale,Available to Pick
J04718,0,1,1
J04734,0,6,0
J04735,0,35,0
J04737,0,5,0
J04742,0,3,3
J04745,0,9,9
J04749,0,0,1
J04760,0,10,10
J04763,0,3,3
J04764,0,0,0
J04771,0,10,10
J04772,0,9,9
J04775,0,0,0
J04776,0,6,6
J04787,0,0,0
J04800,0,0,0
J04819,0,4,4
J04820,0,181,50
J04821,0,35,35
J04825,0,181,81
J04826,0,48,48
J04828,0,133,33
J04830,0,3,3
J04831,0,2,2
J04835,0,25,25
J04836,0,-2,0
J04838,0,1,1
J04841,0,41,41
J04842,0,2,2
J04843,0,0,0
J04844,0,8,8
J04851,0,1,1
J04853,0,0,0
Part Number,Qty On Order,Available for Sale,Available to Pick
J04858,0,0,0
J04859,0,0,0
J04861,0,1,1
J04868,0,158,88
J04869,0,0,0
J04870,0,1,1
J04871,0,27,27
J04872,0,109,39
J04873,0,1,1
J04874,0,29,29
J04875,0,132,27
J04876,0,17,18
J04878,0,37,37
J04882,0,0,0
J04884,0,2,2
J04887,0,-1,0
J04893,0,1,1
J04902,0,0,0
J04914,0,4,4
J04915,0,0,0
J04917,0,18,18
J04919,0,56,56
J04920,0,50,50
J04929,0,5,5
J04930,0,23,25
J04931,0,30,30
J04932,0,48,48
J04933,0,53,53
J04946,0,7,7
J04953,0,1,1
J04955,0,0,0
J04956,0,0,0
J04959,0,2,2
Part Number,Qty On Order,Available for Sale,Available to Pick
J04963,0,3,3
J04964,0,3,3
J04965,0,6,6
J04967,0,1,1
J04970,0,1,1
J04971,0,10,10
J04974,0,3,3
J04977,0,2,2
J04978,0,0,0
J04979,0,6,6
J04980,0,10,10
J04981,0,27,27
J04982,0,43,43
J04988,0,47,48
J04989,0,43,44
J04993,0,47,47
J04995,0,42,42
J04998,0,23,26
J04999,0,18,18
J05001,0,32,33
J05002,0,10,10
J05005,0,0,0
J05010,0,0,0
J05019,0,0,0
J05035,0,2,2
J05037,0,0,0
J05043,0,8,8
J05044,0,2,2
J05047,0,0,0
J05051,0,4,4
J05056,0,0,0
J05058,0,2,2
J05059,0,0,0
Part Number,Qty On Order,Available for Sale,Available to Pick
J05062,0,0,0
J05064,0,8,8
J05068,0,9,9
J05073,0,8,8
J05078,0,0,0
J05079,0,55,57
J05080,0,78,78
J05081,0,4,4
J05082,0,4,4
J05084,0,7,7
J05085,0,29,29
J05087,0,2,2
J05089,0,65,65
J05090,0,91,91
J05091,0,179,178
J05092,0,133,134
J05093,0,133,133
J05094,0,3,3
J05096,0,49,49
J05097,0,33,33
J05106,0,0,0
J05111,0,0,0
J05112,0,0,0
J05122,0,94,95
J05123,0,107,107
J05124,0,793,115
J05125,0,213,43
J05126,0,20,0
J05127,0,50,0
J05128,0,21,0
J05129,0,25,0
J05131,0,9,9
J05132,0,8,8
Part Number,Qty On Order,Available for Sale,Available to Pick
J05133,0,10,10
J05134,0,19,19
J05135,0,10,10
J05136,0,2,2
J05137,0,1,1
J05151,0,9,9
J05152,0,2,2
J05153,0,1,1
J05154,0,6,6
J05158,0,10,10
J05160,0,9,10
J05161,0,1,1
J05162,0,3,3
J05164,0,0,2
J05169,0,15,0
J05179,0,-19,0
J05181,0,5,5
J05182,0,1,0
J05183,0,8,8
J05185,0,93,93
J05186,0,7,7
J05188,0,0,0
J05191,0,8,8
J05192,0,24,26
J05193,0,23,25
J05194,0,48,50
J05195,0,47,48
J05205,0,127,70
J05206,0,72,72
J05207,0,36,36
J05208,0,79,79
J05209,0,3,3
J05211,0,2,2
Part Number,Qty On Order,Available for Sale,Available to Pick
J05212,0,0,0
J05213,0,21,21
J05215,0,75,75
J05217,0,74,74
J05218,0,11,11
J05219,0,5,5
J05221,0,6,6
J05223,0,54,54
J05224,0,46,46
J05226,0,40,40
J05227,0,5,5
J05231,0,2,2
J05232,0,60,60
J05233,0,17,17
J05234,0,5,5
J05235,0,108,109
J05236,0,98,98
J05237,0,0,0
J05238,0,0,1
J05239,0,28,28
J05240,0,23,23
J05241,0,5,5
J05242,0,0,1
J05244,0,10,10
J05245,0,2,2
J05246,0,0,0
J05248,0,0,0
J05249,0,0,0
J05250,0,0,0
J05253,0,0,0
J05269,0,0,0
J05270,0,4,4
J05271,0,4,4
Part Number,Qty On Order,Available for Sale,Available to Pick
J05272,0,10,10
J05273,0,5,5
J05274,0,10,10
J05275,0,7,7
J05276,0,10,10
J05277,0,101,101
J05278,0,53,53
J05279,0,10,10
J05280,0,20,20
J05281,0,16,16
J05282,0,15,15
J05283,0,19,19
J05284,0,10,10
J05285,0,106,106
J05286,0,44,44
J05293,0,0,0
J05298,0,0,0
J05299,0,27,27
J05300,0,41,41
J05301,0,-5,0
J05330,0,0,0
J05331,0,34,34
J05332,0,1,1
J05334,0,0,0
J05336,0,5,5
J05343,0,0,0
J05348,0,2,2
J05351,0,1,1
J05356,0,1,1
J05360,0,0,0
J05379,0,0,0
J05382,0,3,3
J05384,0,1,1
Part Number,Qty On Order,Available for Sale,Available to Pick
J05392,0,4,4
J05403,0,1,1
J05408,0,8,8
J05410,0,1,1
J05416,0,1,1
J05417,0,1,1
J05420,0,1,1
J05421,0,0,0
J05423,0,8,8
J05436,0,4,4
J05441,0,14,14
J05442,0,72,72
J05443,0,51,51
J05444,0,29,29
J05445,0,77,27
J05446,0,34,34
J05447,0,13,13
J05448,50,38,38
J05449,0,16,16
J05450,0,9,9
J05451,0,108,20
J05452,10,38,38
J05453,0,16,16
J05454,0,15,15
J05455,0,34,34
J05456,0,12,12
J05457,0,90,40
J05458,0,46,46
J05459,0,18,18
J05460,18,41,41
J05461,0,48,48
J05462,0,17,17
J05463,0,54,53
Part Number,Qty On Order,Available for Sale,Available to Pick
J05464,0,56,56
J05466,0,51,51
J05467,0,5,5
J05468,0,10,10
J05469,0,10,10
J05470,0,58,58
J05471,0,29,29
J05472,0,8,8
J05473,0,10,10
J05474,0,45,45
J05475,50,12,12
J05476,0,10,10
J05477,0,10,10
J05478,0,79,29
J05479,0,48,48
J05480,0,10,10
J05481,0,10,10
J05482,0,6,6
J05483,0,69,69
J05484,0,70,70
J05485,0,12,12
J05486,0,48,48
J05487,0,20,20
J05488,0,21,21
J05493,0,0,0
J05497,0,1,1
J05501,0,"1,333",34
J05502,0,247,107
J05504,0,0,0
J05507,0,2,2
J05510,0,8,8
J05511,0,8,8
J05513,0,7,7
Part Number,Qty On Order,Available for Sale,Available to Pick
J05514,0,5,5
J05524,0,2,2
J05525,0,1,1
J05527,20,0,0
J05528,0,5,5
J05531,0,5,6
J05532,0,5,5
J05533,0,5,5
J05538,0,4,4
J05539,0,5,5
J05542,0,-3,0
J05543,0,7,7
J05546,0,5,5
J05549,0,7,7
J05550,0,10,10
J05551,0,10,10
J05571,0,1,1
J05575,0,1,1
J05576,0,1,1
J05577,0,4,4
J05578,0,9,9
J05579,0,8,8
J05580,0,8,8
J05581,0,6,6
J05582,0,6,6
J05583,0,6,6
J05584,0,5,5
J05585,0,5,5
J05586,0,2,2
J05590,0,1,1
J05591,0,2,2
J05594,0,10,10
J05597,0,4,4
Part Number,Qty On Order,Available for Sale,Available to Pick
J05601,0,2,6
J05602,0,11,11
J05606,0,10,10
J05607,0,31,31
J05608,0,54,54
J05609,0,9,9
J05610,0,44,45
J05611,0,55,55
J05613,0,44,44
J05616,0,10,10
J05617,0,9,9
J05618,0,4,4
J05619,0,27,27
J05620,0,5,5
J05621,0,6,6
J05622,0,8,9
J05623,0,5,5
J05624,0,0,2
J05628,0,24,24
J05629,0,15,15
J05630,0,3,3
J05631,0,10,10
J05632,0,2,2
J05635,0,3,3
J05637,0,3,3
J05638,0,5,5
J05658,0,0,0
J05660,0,2,2
J05661,0,10,10
J05662,0,10,10
J05663,0,10,10
J05664,0,10,10
J05666,0,2,2
Part Number,Qty On Order,Available for Sale,Available to Pick
J05667,0,10,10
J05668,0,130,30
J05669,0,147,151
J05670,0,10,10
J05672,0,14,22
J05673,0,13,13
J05674,0,188,88
J05676,0,21,21
J05677,0,12,12
J05678,0,43,46
J05679,0,7,7
J05680,0,1,1
J05681,0,0,4
J05682,0,10,10
J05683,0,0,4
J05684,0,22,28
J05686,0,102,102
J05687,0,60,60
J05689,0,92,93
J05690,0,42,43
J05691,0,1,1
J05692,0,0,2
J05694,0,0,1
J05697,0,0,0
J05699,0,174,174
J05700,0,0,0
J05701,0,29,29
J05702,0,4,4
J05706,0,1,1
J05710,0,5,5
J05712,0,7,7
J05715,0,7,7
J05716,0,1,1
Part Number,Qty On Order,Available for Sale,Available to Pick
J05725,0,5,5
J05728,0,2,2
J05737,0,1,1
J05744,0,9,9
J05745,0,20,20
J05746,0,9,9
J05747,0,10,10
J05748,0,4,4
J05749,0,1,1
J05750,0,8,8
J05751,0,4,4
J05752,0,10,10
J05753,0,9,9
J05754,0,7,7
J05756,0,3,3
J05757,0,4,4
J05759,0,7,7
J05760,0,1,1
J05765,0,38,38
J05766,0,368,83
J05768,0,68,68
J05769,0,420,29
J05770,0,158,158
J05771,0,8,8
J05772,0,289,93
J05773,0,8,8
J05774,0,10,10
J05788,0,0,0
J05789,0,2,2
J05790,0,4,4
J05792,0,0,0
J05793,0,1,1
J05798,0,1,1
Part Number,Qty On Order,Available for Sale,Available to Pick
J05803,0,0,0
J05804,0,0,0
J05807,0,3,3
J05808,0,5,5
J05809,0,4,4
J05810,0,5,5
J05812,0,1,1
J05815,0,2,2
J05816,0,2,2
J05819,0,2,2
J05820,5,20,20
J05822,0,5,5
J05823,0,29,29
J05824,0,23,24
J05825,0,11,11
J05826,0,9,9
J05827,0,2,2
J05828,0,40,42
J05829,0,8,10
J05830,0,5,5
J05831,0,9,9
J05832,0,54,54
J05833,0,31,31
J05834,0,7,7
J05835,0,15,15
J05836,0,88,38
J05837,0,45,45
J05838,0,13,13
J05839,0,21,21
J05840,0,5,5
J05841,0,3,3
J05842,0,2,2
J05843,0,10,10
Part Number,Qty On Order,Available for Sale,Available to Pick
J05844,0,2,2
J05845,0,6,6
J05846,0,1,1
J05847,0,9,9
J05848,0,2,2
J05849,0,2,2
J05850,0,2,2
J05851,0,10,10
J05852,0,5,5
J05853,0,1,1
J05854,0,4,4
J05876,0,1,1
J05877,0,6,7
J05880,0,4,4
J05881,0,7,7
J05883,0,2,2
J05884,0,0,0
J05886,0,4,4
J05887,0,6,6
J05932,0,6,6
J05933,0,5,5
J05938,0,1,1
J05939,0,4,4
J05944,0,0,0
J05945,0,2,2
J05953,0,5,5
J05955,0,0,0
J05956,0,7,7
J05960,0,1,1
J05961,0,0,0
J05962,0,0,0
J05965,0,3,3
J05966,0,50,50
Part Number,Qty On Order,Available for Sale,Available to Pick
J05967,0,2,2
J05970,0,10,10
J05971,0,0,0
J05972,0,4,4
J05974,0,1,1
J05975,0,86,37
J05976,0,7,7
J05977,0,31,31
J05978,0,18,18
J05980,0,0,0
J05981,0,19,19
J05982,0,14,14
J05983,0,72,72
J05984,0,4,9
J05985,0,15,15
J05986,0,66,53
J05987,0,9,9
J05988,0,1,1
J05989,0,96,52
J05990,0,10,15
J05992,0,93,44
J05993,0,21,19
J06026,0,85,85
J06028,0,115,115
J06029,0,70,70
J06031,0,43,43
J06032,0,20,20
J06034,0,33,33
J06035,0,12,12
J06036,0,6,6
J06037,0,5,5
J06041,0,8,8
J06042,0,21,21
Part Number,Qty On Order,Available for Sale,Available to Pick
J06043,0,7,7
J06045,0,7,7
J06047,0,2,2
J06049,0,2,2
J06053,0,7,7
J06056,0,8,8
J06061,0,8,8
J06062,0,3,3
J06065,0,6,6
J06067,0,3,3
J06068,0,3,3
J06069,0,1,1
J06071,0,4,4
J06074,0,1,1
J06077,0,4,4
J06078,0,6,6
J06089,0,11,11
J06090,0,11,11
J06091,0,3,3
J06092,0,0,0
J06093,0,8,8
J06095,0,24,24
J06096,0,5,5
J06097,0,10,10
J06098,0,15,15
J06101,0,11,11
J06102,0,2,2
J06104,0,5,5
J06107,0,8,8
J06108,0,14,14
J06109,0,19,19
J06111,0,10,10
J06112,0,18,18
Part Number,Qty On Order,Available for Sale,Available to Pick
J06113,0,10,10
J06114,0,13,13
J06115,0,10,10
J06117,0,43,43
J06118,0,24,24
J06119,0,9,9
J06120,0,9,10
J06121,0,16,16
J06122,0,1,1
J06123,0,86,86
J06124,0,29,29
J06126,0,55,55
J06127,0,28,28
J06128,0,4,4
J06131,0,29,29
J06132,0,22,22
J06133,0,53,53
J06134,0,33,33
J06135,0,20,22
J06136,0,24,24
J06137,0,16,16
J06138,0,62,62
J06139,0,19,19
J06140,0,5,5
J06141,0,1,1
J06142,0,4,4
J06143,0,12,12
J06144,0,34,34
J06145,0,1,1
J06146,0,3,3
J06149,0,5,5
J06150,0,5,5
J06152,0,14,14
Part Number,Qty On Order,Available for Sale,Available to Pick
J06153,0,45,45
J06154,0,4,4
J06155,0,12,12
J06156,0,2,2
J06157,0,0,0
J06158,0,1,1
J06159,0,4,4
J06160,0,5,5
J06161,0,0,0
J06162,0,0,0
J06163,0,4,4
J06165,0,19,19
J06166,0,4,4
J06167,0,6,10
J06168,0,0,1
J06171,0,4,7
J06172,0,0,0
J06173,0,5,10
J06176,0,0,1
J06179,0,6,6
J06181,0,7,7
J06182,0,5,5
J06183,0,9,9
J06184,0,9,9
J06187,0,9,9
J06188,0,6,6
J06190,0,10,10
J06191,0,9,9
J06194,0,8,8
J06195,0,8,8
J06196,0,8,8
J06197,0,1,1
J06198,0,2,2
Part Number,Qty On Order,Available for Sale,Available to Pick
J06199,0,1,1
J06200,0,2,103
J06201,0,0,79
J06202,0,26,26
J06203,0,3,203
J06204,0,0,200
J06205,0,0,13
J06206,0,0,200
J06207,0,0,131
J06208,0,10,10
J06209,0,10,10
J06210,0,10,10
J06283,0,5,5
J06284,0,1,1
J06286,0,5,5
J06287,0,47,47
J06288,0,10,10
J06289,0,7,7
J06290,0,45,45
J06291,0,12,12
J06292,0,4,4
J06293,0,10,10
J06295,0,10,10
J06296,0,7,7
J06307,0,2,2
J06311,0,1,1
J06314,0,10,10
J06315,0,10,10
J06316,0,4,4
J06317,0,3,3
J06318,1,43,43
J06320,0,10,10
J06321,0,10,10
Part Number,Qty On Order,Available for Sale,Available to Pick
J06322,0,8,8
J06323,0,8,8
J06324,0,5,5
J06334,0,1,1
J06335,0,1,1
J06336,0,1,1
J06338,0,0,0
J06340,0,1,1
J06341,0,1,1
J06342,0,1,1
J06343,0,10,10
J06344,0,1,1
J06345,0,2,2
J06356,0,35,35
J06357,0,296,96
J06358,0,27,27
J06360,0,173,73
J06361,0,29,30
J06362,0,0,0
J06363,0,-1,0
J06364,0,176,76
J06366,0,59,59
J06367,0,7,7
J06369,0,2,2
J06370,0,76,76
J06371,0,21,21
J06372,0,17,17
J06373,0,5,5
J06374,0,65,65
J06375,0,25,25
J06377,0,4,4
J06378,0,82,82
J06379,0,21,21
Part Number,Qty On Order,Available for Sale,Available to Pick
J06380,0,12,12
J06385,0,5,5
J06386,0,20,20
J06387,0,20,20
J06388,0,21,21
J06389,0,23,23
J06390,0,25,25
J06391,0,7,7
J06392,0,15,15
J06394,0,1,1
J06426,0,0,0
J06427,0,45,45
J06428,0,0,0
J06429,0,83,84
J06431,0,6,280
J06465,0,160,10
J06466,0,120,21
J06467,0,8,8
J06468,0,127,27
J06469,0,9,9
J06470,0,26,2
J06471,0,49,0
J06472,0,45,0
J06473,0,7,7
J06474,0,242,24
J06475,0,132,33
J06476,0,27,3
J06477,0,201,1
J06478,0,113,14
J06479,0,100,0
J06480,0,100,0
J06481,0,73,24
J06482,0,101,101
Part Number,Qty On Order,Available for Sale,Available to Pick
J06483,0,100,0
J06484,0,100,100
J06485,0,141,41
J06486,0,100,0
J06487,0,0,0
J06488,0,100,100
J06489,0,25,25
J06490,0,15,15
J06491,0,100,100
J06492,0,50,50
J06493,0,30,30
J06494,0,52,52
J06495,0,9,9
J06496,0,15,0
J06497,0,52,2
J06498,0,33,8
J06500,0,50,50
J06501,0,25,25
J06502,0,17,2
J06503,0,55,55
J06504,0,50,50
J06505,0,24,24
J06506,0,28,28
J06507,0,6,6
J06508,0,1,1
J06509,0,38,38
J06510,0,12,2
J06511,0,10,10
J06512,0,100,0
J06513,0,29,29
J06514,0,4,4
J06515,0,50,0
J06516,0,25,0
Part Number,Qty On Order,Available for Sale,Available to Pick
J06517,0,25,0
J06518,0,15,0
J06519,0,258,58
J06520,0,127,27
J06521,0,50,0
J06522,0,198,48
J06523,0,100,0
J06524,0,26,1
J06525,0,217,21
J06526,0,124,28
J06527,0,1,1
J06528,0,24,24
J06529,0,21,21
J06530,0,8,8
J06531,0,10,10
J06534,0,14,15
J06535,0,20,20
J06537,0,31,32
J06538,0,8,8
J06539,0,15,15
J06540,0,177,179
J06541,0,58,60
J06546,0,10,10
J06547,0,50,50
J06548,0,25,25
J06549,0,10,10
J06550,0,53,53
J06551,0,25,25
J06552,0,10,10
J06553,0,70,70
J06554,0,35,35
J06558,0,5,5
J06560,0,2,2
Part Number,Qty On Order,Available for Sale,Available to Pick
J06561,0,47,47
J06562,0,155,56
J06564,0,36,36
J06567,0,10,10
J06568,0,28,28
J06570,0,76,76
J06571,0,7,7
J06572,0,81,81
J06573,0,43,43
J06574,0,16,16
J06575,0,105,91
J06576,0,62,62
J06577,0,20,20
J06578,0,152,152
J06579,0,96,96
J06580,0,13,13
J06581,0,86,91
J06582,0,44,49
J06583,0,15,15
J06584,0,50,51
J06585,0,52,52
J06586,0,15,15
J06587,0,93,98
J06588,0,42,47
J06589,0,15,15
J06590,0,49,49
J06591,0,46,46
J06592,0,7,7
J06593,0,56,56
J06594,0,25,25
J06595,0,15,15
J06596,0,50,50
J06597,0,20,20
Part Number,Qty On Order,Available for Sale,Available to Pick
J06598,0,25,25
J06599,0,55,55
J06600,0,22,22
J06601,0,20,20
J06602,0,49,49
J06603,0,26,26
J06604,0,9,9
J06605,0,50,50
J06606,0,21,21
J06607,0,27,27
J06608,0,54,54
J06609,0,70,70
J06610,0,76,76
J06611,0,52,52
J06612,0,49,50
J06613,0,56,56
J06614,0,51,51
J06615,0,51,52
J06616,0,38,38
J06620,0,10,10
J06621,0,175,75
J06622,100,96,100
J06623,0,25,0
J06624,0,286,86
J06625,0,70,19
J06627,0,22,22
J06628,0,11,11
J06629,0,22,22
J06630,0,15,15
J06631,0,7,7
J06632,0,40,40
J06633,0,0,0
J06634,0,9,9
Part Number,Qty On Order,Available for Sale,Available to Pick
J06635,0,23,23
J06636,0,6,6
J06637,0,20,20
J06638,0,10,10
J06639,0,5,5
J06640,0,23,23
J06641,0,4,5
J06642,0,20,20
J06643,0,13,13
J06644,0,22,22
J06645,0,22,22
J06649,0,17,17
J06650,0,9,9
J06651,0,17,17
J06653,0,1,1
J06655,0,0,2
J06657,0,50,50
J06658,0,25,25
J06659,0,2,2
J06662,0,5,5
J06665,0,25,0
J06666,0,25,25
J06667,0,25,25
J06668,0,25,25
J06669,0,25,25
J06670,0,25,25
J06673,0,25,25
J06674,0,1,1
J06676,0,3,3
J06682,0,1,1
J06685,0,2,2
J06686,0,15,15
J06687,0,36,36
Part Number,Qty On Order,Available for Sale,Available to Pick
J06691,0,0,0
J06692,0,7,7
J06695,0,16,16
J06696,0,62,62
J06697,0,20,20
J06699,0,15,15
J06700,0,9,9
J06701,0,69,69
J06702,0,22,22
J06703,0,45,46
J06704,0,21,21
J06705,0,64,64
J06706,0,68,69
J06707,0,54,54
J06708,0,76,76
J06709,0,68,69
J06710,0,90,90
J06714,0,5,5
J06715,0,76,76
J06716,0,0,0
J06717,0,7,7
J06719,0,1,1
J06720,0,106,7
J06721,0,111,111
J06722,0,111,111
J06723,0,101,101
J06724,0,105,105
J06725,0,101,102
J06726,0,123,123
J06727,0,123,124
J06736,0,25,25
J06737,0,100,100
J06738,0,50,50
Part Number,Qty On Order,Available for Sale,Available to Pick
J06739,0,25,25
J06740,0,100,100
J06741,0,50,50
J06742,0,25,25
J06743,0,100,100
J06746,0,50,50
J06749,0,25,25
J06750,0,-1,0
J06752,0,15,15
J06753,0,50,50
J06754,0,25,25
J06755,0,15,15
J06756,0,50,50
J06757,0,25,25
J06758,0,15,15
J06759,0,50,50
J06760,0,25,25
J06761,0,15,15
J06762,0,50,50
J06763,0,25,25
M000001,0,"9,554","9,554"
V00021,90,90,90
V00022,0,90,30
V00024,0,800,800
V00027,0,1,1
V00123,0,100,100
V00428,0,90,90
V00441,0,20,20
V00445,0,1,1
